Destination,State,Hotel_Name,Hotel_Type,Hotel_Rating,Transport_Cost,Hotel_Cost,Food_Cost,Total_Cost,Season,Best_Season,Crowd_Level,Trip_Type,Destination_Rating,Travel_Mode
Goa,Goa,Goa Luxury Stay 1,Luxury,3.9,1512,13160,1709,16381,Winter,Winter,Low,Beach,4.8,Flight
Goa,Goa,Goa Budget Stay 2,Budget,3.8,2428,2234,1966,6628,Spring,Winter,Low,Beach,4.8,Bus
Goa,Goa,Goa Budget Stay 3,Budget,4.4,3587,1213,1069,5869,Autumn,Winter,Medium,Beach,4.8,Self-drive
Goa,Goa,Goa Mid-Range Stay 4,Mid-Range,3.6,2966,4470,2152,9588,Summer,Winter,Low,Beach,4.8,Bus
Goa,Goa,Goa Mid-Range Stay 5,Mid-Range,5.0,3201,3986,2198,9385,Winter,Winter,High,Beach,4.8,Bus
Goa,Goa,Goa Luxury Stay 6,Luxury,4.6,1453,8870,2251,12574,Autumn,Winter,Medium,Beach,4.8,Train
Goa,Goa,Goa Mid-Range Stay 7,Mid-Range,4.2,3710,3666,929,8305,Summer,Winter,Low,Beach,4.8,Flight
Goa,Goa,Goa Luxury Stay 8,Luxury,4.4,2138,8505,1446,12089,Monsoon,Winter,High,Beach,4.8,Bus
Goa,Goa,Goa Luxury Stay 9,Luxury,4.5,3384,6762,1321,11467,Spring,Winter,Medium,Beach,4.8,Train
Goa,Goa,Goa Budget Stay 10,Budget,3.8,4558,2222,792,7572,Monsoon,Winter,Low,Beach,4.8,Flight
Goa,Goa,Goa Budget Stay 11,Budget,4.6,3765,2077,949,6791,Monsoon,Winter,Low,Beach,4.8,Flight
Goa,Goa,Goa Mid-Range Stay 12,Mid-Range,4.6,2110,3626,2122,7858,Summer,Winter,High,Beach,4.8,Bus
Goa,Goa,Goa Budget Stay 13,Budget,4.1,894,2158,1893,4945,Spring,Winter,High,Beach,4.8,Self-drive
Goa,Goa,Goa Luxury Stay 14,Luxury,4.7,4361,10684,823,15868,Winter,Winter,High,Beach,4.8,Flight
Goa,Goa,Goa Luxury Stay 15,Luxury,5.0,3244,7371,2223,12838,Spring,Winter,Low,Beach,4.8,Flight
Goa,Goa,Goa Budget Stay 16,Budget,4.1,804,1530,1726,4060,Autumn,Winter,High,Beach,4.8,Train
Goa,Goa,Goa Budget Stay 17,Budget,4.9,2773,1829,2298,6900,Monsoon,Winter,Medium,Beach,4.8,Bus
Goa,Goa,Goa Budget Stay 18,Budget,4.7,4693,2290,2439,9422,Autumn,Winter,Low,Beach,4.8,Self-drive
Goa,Goa,Goa Mid-Range Stay 19,Mid-Range,4.9,4068,3823,1875,9766,Autumn,Winter,Low,Beach,4.8,Self-drive
Goa,Goa,Goa Luxury Stay 20,Luxury,3.7,972,9269,1704,11945,Monsoon,Winter,Medium,Beach,4.8,Self-drive
Goa,Goa,Goa Luxury Stay 21,Luxury,3.5,1352,8375,2354,12081,Autumn,Winter,Low,Beach,4.8,Train
Goa,Goa,Goa Budget Stay 22,Budget,3.9,1883,2632,1981,6496,Winter,Winter,Medium,Beach,4.8,Train
Goa,Goa,Goa Mid-Range Stay 23,Mid-Range,4.7,1594,3779,1849,7222,Autumn,Winter,High,Beach,4.8,Train
Goa,Goa,Goa Mid-Range Stay 24,Mid-Range,4.2,4098,3403,1991,9492,Spring,Winter,Medium,Beach,4.8,Self-drive
Goa,Goa,Goa Budget Stay 25,Budget,3.8,2303,2118,1070,5491,Monsoon,Winter,Low,Beach,4.8,Train
Goa,Goa,Goa Budget Stay 26,Budget,4.7,920,2327,2484,5731,Spring,Winter,Low,Beach,4.8,Self-drive
Goa,Goa,Goa Budget Stay 27,Budget,4.2,2148,1964,1276,5388,Winter,Winter,Low,Beach,4.8,Self-drive
Goa,Goa,Goa Mid-Range Stay 28,Mid-Range,3.9,2355,5991,1107,9453,Winter,Winter,Medium,Beach,4.8,Self-drive
Goa,Goa,Goa Luxury Stay 29,Luxury,4.6,4705,11285,1529,17519,Summer,Winter,Low,Beach,4.8,Bus
Goa,Goa,Goa Budget Stay 30,Budget,4.8,2726,1340,1326,5392,Autumn,Winter,Low,Beach,4.8,Bus
Goa,Goa,Goa Budget Stay 31,Budget,4.4,3391,2469,2414,8274,Winter,Winter,High,Beach,4.8,Bus
Goa,Goa,Goa Luxury Stay 32,Luxury,3.9,3257,11787,1436,16480,Monsoon,Winter,Low,Beach,4.8,Flight
Goa,Goa,Goa Budget Stay 33,Budget,4.4,2546,2353,1536,6435,Monsoon,Winter,Low,Beach,4.8,Self-drive
Goa,Goa,Goa Mid-Range Stay 34,Mid-Range,4.8,4389,4167,2207,10763,Monsoon,Winter,Low,Beach,4.8,Bus
Goa,Goa,Goa Mid-Range Stay 35,Mid-Range,4.5,1648,4226,2422,8296,Autumn,Winter,High,Beach,4.8,Bus
Goa,Goa,Goa Budget Stay 36,Budget,4.6,2525,1518,1969,6012,Summer,Winter,Medium,Beach,4.8,Bus
Goa,Goa,Goa Luxury Stay 37,Luxury,4.3,4269,7256,2198,13723,Monsoon,Winter,Low,Beach,4.8,Flight
Goa,Goa,Goa Budget Stay 38,Budget,4.7,4303,1736,1648,7687,Monsoon,Winter,Low,Beach,4.8,Flight
Goa,Goa,Goa Budget Stay 39,Budget,4.3,2013,2347,1380,5740,Winter,Winter,Low,Beach,4.8,Train
Goa,Goa,Goa Mid-Range Stay 40,Mid-Range,4.8,2844,4465,1865,9174,Summer,Winter,Low,Beach,4.8,Flight
Goa,Goa,Goa Luxury Stay 41,Luxury,5.0,2250,9397,2305,13952,Winter,Winter,Medium,Beach,4.8,Self-drive
Goa,Goa,Goa Budget Stay 42,Budget,4.7,2104,2043,2112,6259,Spring,Winter,Low,Beach,4.8,Flight
Goa,Goa,Goa Budget Stay 43,Budget,3.8,2664,2570,956,6190,Winter,Winter,Medium,Beach,4.8,Self-drive
Goa,Goa,Goa Budget Stay 44,Budget,4.0,4973,1610,1318,7901,Winter,Winter,High,Beach,4.8,Self-drive
Goa,Goa,Goa Budget Stay 45,Budget,4.8,2974,1734,578,5286,Autumn,Winter,Medium,Beach,4.8,Bus
Goa,Goa,Goa Mid-Range Stay 46,Mid-Range,4.6,4989,5744,736,11469,Winter,Winter,High,Beach,4.8,Flight
Goa,Goa,Goa Budget Stay 47,Budget,3.6,2414,2093,1245,5752,Spring,Winter,High,Beach,4.8,Flight
Goa,Goa,Goa Luxury Stay 48,Luxury,4.4,3333,10654,1865,15852,Spring,Winter,Low,Beach,4.8,Flight
Goa,Goa,Goa Mid-Range Stay 49,Mid-Range,4.3,3905,4722,1887,10514,Spring,Winter,Medium,Beach,4.8,Flight
Goa,Goa,Goa Luxury Stay 50,Luxury,4.1,2521,8850,1380,12751,Summer,Winter,High,Beach,4.8,Flight
Goa,Goa,Goa Luxury Stay 51,Luxury,4.2,4676,10687,2125,17488,Autumn,Winter,High,Beach,4.8,Flight
Goa,Goa,Goa Budget Stay 52,Budget,4.3,2724,2496,1877,7097,Summer,Winter,High,Beach,4.8,Flight
Goa,Goa,Goa Budget Stay 53,Budget,3.5,1396,1701,1432,4529,Monsoon,Winter,Low,Beach,4.8,Train
Goa,Goa,Goa Luxury Stay 54,Luxury,4.6,2798,9773,802,13373,Spring,Winter,High,Beach,4.8,Train
Goa,Goa,Goa Mid-Range Stay 55,Mid-Range,3.8,2841,5882,2378,11101,Winter,Winter,Low,Beach,4.8,Train
Goa,Goa,Goa Budget Stay 56,Budget,4.5,4425,2812,1754,8991,Winter,Winter,Medium,Beach,4.8,Self-drive
Goa,Goa,Goa Luxury Stay 57,Luxury,4.8,2825,8623,2220,13668,Autumn,Winter,Medium,Beach,4.8,Self-drive
Goa,Goa,Goa Mid-Range Stay 58,Mid-Range,3.9,3025,4170,1187,8382,Monsoon,Winter,High,Beach,4.8,Train
Goa,Goa,Goa Budget Stay 59,Budget,3.7,1326,1984,1349,4659,Monsoon,Winter,High,Beach,4.8,Train
Goa,Goa,Goa Luxury Stay 60,Luxury,4.1,960,9690,2254,12904,Spring,Winter,Medium,Beach,4.8,Self-drive
Ooty,Tamil Nadu,Ooty Mid-Range Stay 1,Mid-Range,4.9,2606,4597,1499,8702,Autumn,Summer,Medium,Hill Station,4.5,Bus
Ooty,Tamil Nadu,Ooty Mid-Range Stay 2,Mid-Range,3.5,4628,5587,2383,12598,Summer,Summer,Medium,Hill Station,4.5,Self-drive
Ooty,Tamil Nadu,Ooty Luxury Stay 3,Luxury,4.9,1022,14317,671,16010,Summer,Summer,High,Hill Station,4.5,Bus
Ooty,Tamil Nadu,Ooty Mid-Range Stay 4,Mid-Range,3.6,4524,4340,1169,10033,Spring,Summer,Low,Hill Station,4.5,Train
Ooty,Tamil Nadu,Ooty Mid-Range Stay 5,Mid-Range,3.9,1226,4926,2449,8601,Monsoon,Summer,Medium,Hill Station,4.5,Self-drive
Ooty,Tamil Nadu,Ooty Luxury Stay 6,Luxury,4.7,2433,8525,2218,13176,Monsoon,Summer,Low,Hill Station,4.5,Bus
Ooty,Tamil Nadu,Ooty Budget Stay 7,Budget,3.7,4609,1434,1932,7975,Winter,Summer,High,Hill Station,4.5,Train
Ooty,Tamil Nadu,Ooty Budget Stay 8,Budget,4.7,1010,1535,2402,4947,Monsoon,Summer,Medium,Hill Station,4.5,Bus
Ooty,Tamil Nadu,Ooty Luxury Stay 9,Luxury,4.1,2789,11350,708,14847,Monsoon,Summer,High,Hill Station,4.5,Self-drive
Ooty,Tamil Nadu,Ooty Luxury Stay 10,Luxury,4.7,4309,9344,1854,15507,Monsoon,Summer,High,Hill Station,4.5,Bus
Ooty,Tamil Nadu,Ooty Luxury Stay 11,Luxury,3.5,4351,7364,2467,14182,Monsoon,Summer,Low,Hill Station,4.5,Flight
Ooty,Tamil Nadu,Ooty Mid-Range Stay 12,Mid-Range,4.2,4760,4106,1452,10318,Monsoon,Summer,High,Hill Station,4.5,Train
Ooty,Tamil Nadu,Ooty Luxury Stay 13,Luxury,4.0,4492,8784,999,14275,Spring,Summer,High,Hill Station,4.5,Flight
Ooty,Tamil Nadu,Ooty Luxury Stay 14,Luxury,4.0,4794,7989,934,13717,Spring,Summer,High,Hill Station,4.5,Self-drive
Ooty,Tamil Nadu,Ooty Mid-Range Stay 15,Mid-Range,4.8,2365,5276,675,8316,Monsoon,Summer,Medium,Hill Station,4.5,Flight
Ooty,Tamil Nadu,Ooty Mid-Range Stay 16,Mid-Range,4.3,4820,5940,1417,12177,Summer,Summer,High,Hill Station,4.5,Self-drive
Ooty,Tamil Nadu,Ooty Mid-Range Stay 17,Mid-Range,4.1,3823,4254,1469,9546,Winter,Summer,Low,Hill Station,4.5,Train
Ooty,Tamil Nadu,Ooty Mid-Range Stay 18,Mid-Range,5.0,4517,4354,1054,9925,Autumn,Summer,High,Hill Station,4.5,Self-drive
Ooty,Tamil Nadu,Ooty Budget Stay 19,Budget,4.6,2316,1846,892,5054,Monsoon,Summer,Medium,Hill Station,4.5,Bus
Ooty,Tamil Nadu,Ooty Mid-Range Stay 20,Mid-Range,4.6,1623,6532,2205,10360,Summer,Summer,High,Hill Station,4.5,Flight
Ooty,Tamil Nadu,Ooty Budget Stay 21,Budget,3.8,3047,1473,593,5113,Summer,Summer,Medium,Hill Station,4.5,Flight
Ooty,Tamil Nadu,Ooty Mid-Range Stay 22,Mid-Range,4.5,3129,3420,1461,8010,Winter,Summer,High,Hill Station,4.5,Train
Ooty,Tamil Nadu,Ooty Mid-Range Stay 23,Mid-Range,4.9,1335,4956,1320,7611,Spring,Summer,Medium,Hill Station,4.5,Train
Ooty,Tamil Nadu,Ooty Luxury Stay 24,Luxury,3.7,2833,7197,742,10772,Spring,Summer,Low,Hill Station,4.5,Bus
Ooty,Tamil Nadu,Ooty Luxury Stay 25,Luxury,4.7,3235,10126,2261,15622,Autumn,Summer,Medium,Hill Station,4.5,Train
Ooty,Tamil Nadu,Ooty Mid-Range Stay 26,Mid-Range,4.4,2528,3851,1041,7420,Autumn,Summer,Medium,Hill Station,4.5,Bus
Ooty,Tamil Nadu,Ooty Budget Stay 27,Budget,4.3,4490,1520,1911,7921,Winter,Summer,Low,Hill Station,4.5,Train
Ooty,Tamil Nadu,Ooty Mid-Range Stay 28,Mid-Range,3.8,2712,4859,2392,9963,Autumn,Summer,Medium,Hill Station,4.5,Bus
Ooty,Tamil Nadu,Ooty Luxury Stay 29,Luxury,4.1,2020,11805,2360,16185,Monsoon,Summer,High,Hill Station,4.5,Train
Ooty,Tamil Nadu,Ooty Budget Stay 30,Budget,3.7,3164,1829,1399,6392,Monsoon,Summer,Low,Hill Station,4.5,Bus
Ooty,Tamil Nadu,Ooty Luxury Stay 31,Luxury,4.5,4845,10923,1396,17164,Winter,Summer,Medium,Hill Station,4.5,Flight
Ooty,Tamil Nadu,Ooty Budget Stay 32,Budget,4.6,1548,2436,968,4952,Winter,Summer,High,Hill Station,4.5,Self-drive
Ooty,Tamil Nadu,Ooty Budget Stay 33,Budget,4.4,4422,1558,2376,8356,Autumn,Summer,High,Hill Station,4.5,Flight
Ooty,Tamil Nadu,Ooty Luxury Stay 34,Luxury,4.5,3650,10350,1336,15336,Monsoon,Summer,Low,Hill Station,4.5,Self-drive
Ooty,Tamil Nadu,Ooty Luxury Stay 35,Luxury,4.8,3161,10558,1856,15575,Monsoon,Summer,Medium,Hill Station,4.5,Bus
Ooty,Tamil Nadu,Ooty Budget Stay 36,Budget,3.6,4111,1716,2271,8098,Spring,Summer,High,Hill Station,4.5,Self-drive
Ooty,Tamil Nadu,Ooty Luxury Stay 37,Luxury,4.1,4883,9463,1780,16126,Autumn,Summer,Low,Hill Station,4.5,Self-drive
Ooty,Tamil Nadu,Ooty Budget Stay 38,Budget,4.3,1794,1789,559,4142,Spring,Summer,Low,Hill Station,4.5,Flight
Ooty,Tamil Nadu,Ooty Luxury Stay 39,Luxury,4.0,1563,9842,960,12365,Autumn,Summer,Low,Hill Station,4.5,Train
Ooty,Tamil Nadu,Ooty Budget Stay 40,Budget,4.2,4203,1797,2209,8209,Winter,Summer,Medium,Hill Station,4.5,Train
Ooty,Tamil Nadu,Ooty Budget Stay 41,Budget,4.3,4963,1985,2028,8976,Spring,Summer,Medium,Hill Station,4.5,Self-drive
Ooty,Tamil Nadu,Ooty Mid-Range Stay 42,Mid-Range,4.0,3117,4912,1986,10015,Summer,Summer,Low,Hill Station,4.5,Self-drive
Ooty,Tamil Nadu,Ooty Luxury Stay 43,Luxury,4.8,3627,10467,1180,15274,Monsoon,Summer,High,Hill Station,4.5,Self-drive
Ooty,Tamil Nadu,Ooty Mid-Range Stay 44,Mid-Range,4.9,3937,3978,978,8893,Autumn,Summer,High,Hill Station,4.5,Self-drive
Ooty,Tamil Nadu,Ooty Mid-Range Stay 45,Mid-Range,4.6,2046,4581,1514,8141,Spring,Summer,Low,Hill Station,4.5,Self-drive
Ooty,Tamil Nadu,Ooty Luxury Stay 46,Luxury,4.8,4543,10808,531,15882,Winter,Summer,Low,Hill Station,4.5,Flight
Ooty,Tamil Nadu,Ooty Luxury Stay 47,Luxury,3.6,4056,13926,1830,19812,Summer,Summer,Medium,Hill Station,4.5,Train
Ooty,Tamil Nadu,Ooty Luxury Stay 48,Luxury,4.9,1094,10932,1764,13790,Winter,Summer,Medium,Hill Station,4.5,Self-drive
Ooty,Tamil Nadu,Ooty Luxury Stay 49,Luxury,5.0,1623,7306,1408,10337,Winter,Summer,Low,Hill Station,4.5,Flight
Ooty,Tamil Nadu,Ooty Mid-Range Stay 50,Mid-Range,3.6,3870,5041,1382,10293,Summer,Summer,High,Hill Station,4.5,Bus
Ooty,Tamil Nadu,Ooty Luxury Stay 51,Luxury,4.3,1446,9520,1748,12714,Summer,Summer,Low,Hill Station,4.5,Self-drive
Ooty,Tamil Nadu,Ooty Luxury Stay 52,Luxury,4.2,4577,8402,1806,14785,Spring,Summer,High,Hill Station,4.5,Train
Ooty,Tamil Nadu,Ooty Mid-Range Stay 53,Mid-Range,4.8,2094,4178,651,6923,Monsoon,Summer,Medium,Hill Station,4.5,Bus
Ooty,Tamil Nadu,Ooty Luxury Stay 54,Luxury,4.5,3274,10242,907,14423,Spring,Summer,Medium,Hill Station,4.5,Flight
Ooty,Tamil Nadu,Ooty Budget Stay 55,Budget,4.1,3218,1935,544,5697,Spring,Summer,Medium,Hill Station,4.5,Train
Ooty,Tamil Nadu,Ooty Budget Stay 56,Budget,4.9,3686,2217,948,6851,Spring,Summer,Medium,Hill Station,4.5,Bus
Ooty,Tamil Nadu,Ooty Mid-Range Stay 57,Mid-Range,4.4,4411,3793,568,8772,Summer,Summer,High,Hill Station,4.5,Train
Ooty,Tamil Nadu,Ooty Luxury Stay 58,Luxury,3.6,2238,9903,911,13052,Autumn,Summer,Medium,Hill Station,4.5,Train
Ooty,Tamil Nadu,Ooty Mid-Range Stay 59,Mid-Range,4.7,3574,5967,2147,11688,Summer,Summer,High,Hill Station,4.5,Flight
Ooty,Tamil Nadu,Ooty Budget Stay 60,Budget,4.6,3796,1662,684,6142,Winter,Summer,Medium,Hill Station,4.5,Train
Coorg,Karnataka,Coorg Mid-Range Stay 1,Mid-Range,4.2,3843,5394,721,9958,Spring,Monsoon,Low,Nature,4.6,Bus
Coorg,Karnataka,Coorg Budget Stay 2,Budget,4.9,4603,1653,2362,8618,Summer,Monsoon,Medium,Nature,4.6,Flight
Coorg,Karnataka,Coorg Mid-Range Stay 3,Mid-Range,3.7,1751,5095,699,7545,Monsoon,Monsoon,High,Nature,4.6,Bus
Coorg,Karnataka,Coorg Budget Stay 4,Budget,4.2,2065,2306,2313,6684,Summer,Monsoon,High,Nature,4.6,Self-drive
Coorg,Karnataka,Coorg Budget Stay 5,Budget,4.4,2579,1772,1408,5759,Spring,Monsoon,High,Nature,4.6,Self-drive
Coorg,Karnataka,Coorg Mid-Range Stay 6,Mid-Range,5.0,3738,5230,624,9592,Spring,Monsoon,Low,Nature,4.6,Bus
Coorg,Karnataka,Coorg Budget Stay 7,Budget,4.9,2537,2131,1814,6482,Spring,Monsoon,Medium,Nature,4.6,Bus
Coorg,Karnataka,Coorg Budget Stay 8,Budget,3.9,1362,1457,2199,5018,Autumn,Monsoon,Low,Nature,4.6,Flight
Coorg,Karnataka,Coorg Luxury Stay 9,Luxury,4.7,823,7708,1067,9598,Autumn,Monsoon,Low,Nature,4.6,Train
Coorg,Karnataka,Coorg Luxury Stay 10,Luxury,4.7,921,7579,1233,9733,Summer,Monsoon,Low,Nature,4.6,Flight
Coorg,Karnataka,Coorg Mid-Range Stay 11,Mid-Range,3.8,1731,3519,2027,7277,Summer,Monsoon,High,Nature,4.6,Bus
Coorg,Karnataka,Coorg Mid-Range Stay 12,Mid-Range,4.3,2614,4851,2436,9901,Winter,Monsoon,Medium,Nature,4.6,Flight
Coorg,Karnataka,Coorg Luxury Stay 13,Luxury,4.2,4090,10423,1373,15886,Autumn,Monsoon,Low,Nature,4.6,Flight
Coorg,Karnataka,Coorg Luxury Stay 14,Luxury,3.6,2015,11483,634,14132,Winter,Monsoon,Medium,Nature,4.6,Self-drive
Coorg,Karnataka,Coorg Luxury Stay 15,Luxury,4.1,4516,8915,1535,14966,Summer,Monsoon,Medium,Nature,4.6,Flight
Coorg,Karnataka,Coorg Budget Stay 16,Budget,4.8,4499,2329,2318,9146,Autumn,Monsoon,Medium,Nature,4.6,Bus
Coorg,Karnataka,Coorg Mid-Range Stay 17,Mid-Range,4.1,3360,4280,1862,9502,Summer,Monsoon,Medium,Nature,4.6,Self-drive
Coorg,Karnataka,Coorg Budget Stay 18,Budget,3.6,1591,1648,2024,5263,Monsoon,Monsoon,Medium,Nature,4.6,Self-drive
Coorg,Karnataka,Coorg Luxury Stay 19,Luxury,4.4,1801,11040,1341,14182,Monsoon,Monsoon,Low,Nature,4.6,Bus
Coorg,Karnataka,Coorg Mid-Range Stay 20,Mid-Range,5.0,1648,5134,1683,8465,Monsoon,Monsoon,High,Nature,4.6,Bus
Coorg,Karnataka,Coorg Budget Stay 21,Budget,3.8,3811,1421,735,5967,Autumn,Monsoon,Low,Nature,4.6,Self-drive
Coorg,Karnataka,Coorg Budget Stay 22,Budget,4.8,2990,2967,559,6516,Monsoon,Monsoon,High,Nature,4.6,Self-drive
Coorg,Karnataka,Coorg Luxury Stay 23,Luxury,4.9,1973,7986,1659,11618,Summer,Monsoon,Medium,Nature,4.6,Flight
Coorg,Karnataka,Coorg Budget Stay 24,Budget,3.6,4239,2286,1429,7954,Spring,Monsoon,Low,Nature,4.6,Bus
Coorg,Karnataka,Coorg Mid-Range Stay 25,Mid-Range,4.6,1230,6530,818,8578,Monsoon,Monsoon,Low,Nature,4.6,Flight
Coorg,Karnataka,Coorg Budget Stay 26,Budget,3.9,4421,2068,1348,7837,Summer,Monsoon,High,Nature,4.6,Bus
Coorg,Karnataka,Coorg Luxury Stay 27,Luxury,4.0,4786,13629,1579,19994,Monsoon,Monsoon,Low,Nature,4.6,Bus
Coorg,Karnataka,Coorg Budget Stay 28,Budget,5.0,3269,1574,2436,7279,Monsoon,Monsoon,Low,Nature,4.6,Self-drive
Coorg,Karnataka,Coorg Mid-Range Stay 29,Mid-Range,4.0,2239,5037,764,8040,Summer,Monsoon,Low,Nature,4.6,Flight
Coorg,Karnataka,Coorg Luxury Stay 30,Luxury,4.3,1146,9752,1393,12291,Spring,Monsoon,High,Nature,4.6,Train
Coorg,Karnataka,Coorg Budget Stay 31,Budget,4.4,4221,2374,1092,7687,Winter,Monsoon,Medium,Nature,4.6,Flight
Coorg,Karnataka,Coorg Budget Stay 32,Budget,3.8,1521,2465,1394,5380,Winter,Monsoon,Medium,Nature,4.6,Flight
Coorg,Karnataka,Coorg Mid-Range Stay 33,Mid-Range,4.3,2615,4270,1182,8067,Winter,Monsoon,Low,Nature,4.6,Self-drive
Coorg,Karnataka,Coorg Luxury Stay 34,Luxury,4.3,2009,9376,983,12368,Summer,Monsoon,Low,Nature,4.6,Bus
Coorg,Karnataka,Coorg Mid-Range Stay 35,Mid-Range,3.8,4847,3308,1450,9605,Winter,Monsoon,Low,Nature,4.6,Train
Coorg,Karnataka,Coorg Mid-Range Stay 36,Mid-Range,4.8,4402,4294,639,9335,Autumn,Monsoon,High,Nature,4.6,Flight
Coorg,Karnataka,Coorg Luxury Stay 37,Luxury,4.7,4956,9383,651,14990,Spring,Monsoon,Medium,Nature,4.6,Flight
Coorg,Karnataka,Coorg Mid-Range Stay 38,Mid-Range,3.6,1539,3976,1759,7274,Monsoon,Monsoon,Medium,Nature,4.6,Bus
Coorg,Karnataka,Coorg Mid-Range Stay 39,Mid-Range,4.4,2342,4842,1158,8342,Autumn,Monsoon,High,Nature,4.6,Self-drive
Coorg,Karnataka,Coorg Luxury Stay 40,Luxury,4.9,1490,9313,1533,12336,Autumn,Monsoon,Medium,Nature,4.6,Train
Coorg,Karnataka,Coorg Budget Stay 41,Budget,5.0,2100,2273,1245,5618,Summer,Monsoon,Low,Nature,4.6,Self-drive
Coorg,Karnataka,Coorg Mid-Range Stay 42,Mid-Range,4.7,3541,3856,634,8031,Monsoon,Monsoon,Medium,Nature,4.6,Self-drive
Coorg,Karnataka,Coorg Luxury Stay 43,Luxury,3.9,1467,11076,1693,14236,Monsoon,Monsoon,Low,Nature,4.6,Self-drive
Coorg,Karnataka,Coorg Mid-Range Stay 44,Mid-Range,3.7,3885,4268,1817,9970,Summer,Monsoon,Medium,Nature,4.6,Self-drive
Coorg,Karnataka,Coorg Luxury Stay 45,Luxury,4.5,949,11356,1242,13547,Monsoon,Monsoon,Low,Nature,4.6,Bus
Coorg,Karnataka,Coorg Budget Stay 46,Budget,4.9,1926,2634,817,5377,Monsoon,Monsoon,Low,Nature,4.6,Flight
Coorg,Karnataka,Coorg Budget Stay 47,Budget,4.5,3886,2465,815,7166,Winter,Monsoon,Medium,Nature,4.6,Bus
Coorg,Karnataka,Coorg Luxury Stay 48,Luxury,4.6,2745,9484,2485,14714,Summer,Monsoon,Low,Nature,4.6,Train
Coorg,Karnataka,Coorg Mid-Range Stay 49,Mid-Range,3.9,2389,4267,1253,7909,Spring,Monsoon,High,Nature,4.6,Self-drive
Coorg,Karnataka,Coorg Mid-Range Stay 50,Mid-Range,4.7,2127,5160,2172,9459,Autumn,Monsoon,Medium,Nature,4.6,Flight
Coorg,Karnataka,Coorg Budget Stay 51,Budget,3.6,1640,2184,1956,5780,Summer,Monsoon,High,Nature,4.6,Flight
Coorg,Karnataka,Coorg Mid-Range Stay 52,Mid-Range,4.6,2007,4840,2201,9048,Autumn,Monsoon,Low,Nature,4.6,Bus
Coorg,Karnataka,Coorg Budget Stay 53,Budget,4.8,4047,1254,1528,6829,Spring,Monsoon,Low,Nature,4.6,Self-drive
Coorg,Karnataka,Coorg Mid-Range Stay 54,Mid-Range,4.1,3546,5166,2120,10832,Monsoon,Monsoon,Low,Nature,4.6,Bus
Coorg,Karnataka,Coorg Budget Stay 55,Budget,4.9,4474,2167,1760,8401,Summer,Monsoon,Low,Nature,4.6,Flight
Coorg,Karnataka,Coorg Budget Stay 56,Budget,3.8,4267,1506,727,6500,Winter,Monsoon,Low,Nature,4.6,Flight
Coorg,Karnataka,Coorg Mid-Range Stay 57,Mid-Range,3.6,1708,5846,2213,9767,Monsoon,Monsoon,Low,Nature,4.6,Bus
Coorg,Karnataka,Coorg Luxury Stay 58,Luxury,4.4,3186,7676,1379,12241,Spring,Monsoon,High,Nature,4.6,Bus
Coorg,Karnataka,Coorg Mid-Range Stay 59,Mid-Range,4.4,3754,3350,638,7742,Winter,Monsoon,High,Nature,4.6,Train
Coorg,Karnataka,Coorg Luxury Stay 60,Luxury,4.1,3969,11707,1264,16940,Autumn,Monsoon,High,Nature,4.6,Bus
Manali,Himachal Pradesh,Manali Budget Stay 1,Budget,4.7,1649,1906,2080,5635,Monsoon,Summer,High,Adventure,4.8,Flight
Manali,Himachal Pradesh,Manali Mid-Range Stay 2,Mid-Range,3.6,2234,4386,2200,8820,Autumn,Summer,High,Adventure,4.8,Train
Manali,Himachal Pradesh,Manali Mid-Range Stay 3,Mid-Range,4.7,3203,4874,912,8989,Spring,Summer,High,Adventure,4.8,Train
Manali,Himachal Pradesh,Manali Budget Stay 4,Budget,4.9,4678,2255,1018,7951,Winter,Summer,Low,Adventure,4.8,Flight
Manali,Himachal Pradesh,Manali Budget Stay 5,Budget,4.0,1819,1297,2137,5253,Winter,Summer,High,Adventure,4.8,Flight
Manali,Himachal Pradesh,Manali Mid-Range Stay 6,Mid-Range,4.8,4864,4388,1917,11169,Monsoon,Summer,Medium,Adventure,4.8,Self-drive
Manali,Himachal Pradesh,Manali Luxury Stay 7,Luxury,4.7,2278,10027,1617,13922,Spring,Summer,Medium,Adventure,4.8,Flight
Manali,Himachal Pradesh,Manali Budget Stay 8,Budget,4.0,4290,1805,841,6936,Monsoon,Summer,Medium,Adventure,4.8,Bus
Manali,Himachal Pradesh,Manali Mid-Range Stay 9,Mid-Range,4.6,1269,4781,653,6703,Spring,Summer,Medium,Adventure,4.8,Bus
Manali,Himachal Pradesh,Manali Luxury Stay 10,Luxury,4.9,1085,10089,758,11932,Spring,Summer,Medium,Adventure,4.8,Train
Manali,Himachal Pradesh,Manali Luxury Stay 11,Luxury,4.0,2056,11456,1890,15402,Winter,Summer,Low,Adventure,4.8,Flight
Manali,Himachal Pradesh,Manali Mid-Range Stay 12,Mid-Range,4.6,3806,3563,1315,8684,Spring,Summer,Medium,Adventure,4.8,Self-drive
Manali,Himachal Pradesh,Manali Mid-Range Stay 13,Mid-Range,4.9,3970,3762,2370,10102,Monsoon,Summer,High,Adventure,4.8,Train
Manali,Himachal Pradesh,Manali Mid-Range Stay 14,Mid-Range,4.6,2439,4169,751,7359,Autumn,Summer,Low,Adventure,4.8,Flight
Manali,Himachal Pradesh,Manali Mid-Range Stay 15,Mid-Range,4.8,3646,4030,1953,9629,Summer,Summer,Low,Adventure,4.8,Train
Manali,Himachal Pradesh,Manali Luxury Stay 16,Luxury,4.8,4967,9461,959,15387,Winter,Summer,High,Adventure,4.8,Flight
Manali,Himachal Pradesh,Manali Budget Stay 17,Budget,4.7,3822,1253,1457,6532,Winter,Summer,Low,Adventure,4.8,Train
Manali,Himachal Pradesh,Manali Luxury Stay 18,Luxury,3.6,4165,10806,2075,17046,Autumn,Summer,Low,Adventure,4.8,Bus
Manali,Himachal Pradesh,Manali Budget Stay 19,Budget,5.0,3622,1351,762,5735,Spring,Summer,High,Adventure,4.8,Train
Manali,Himachal Pradesh,Manali Luxury Stay 20,Luxury,4.7,1253,10619,2202,14074,Autumn,Summer,High,Adventure,4.8,Train
Manali,Himachal Pradesh,Manali Budget Stay 21,Budget,3.7,3126,1860,2232,7218,Winter,Summer,High,Adventure,4.8,Flight
Manali,Himachal Pradesh,Manali Budget Stay 22,Budget,3.7,4917,1820,1812,8549,Winter,Summer,Medium,Adventure,4.8,Flight
Manali,Himachal Pradesh,Manali Luxury Stay 23,Luxury,3.8,1137,11118,2190,14445,Summer,Summer,High,Adventure,4.8,Train
Manali,Himachal Pradesh,Manali Budget Stay 24,Budget,4.5,1048,2371,1519,4938,Winter,Summer,Low,Adventure,4.8,Flight
Manali,Himachal Pradesh,Manali Luxury Stay 25,Luxury,4.2,1397,10215,1910,13522,Autumn,Summer,Medium,Adventure,4.8,Flight
Manali,Himachal Pradesh,Manali Mid-Range Stay 26,Mid-Range,4.2,1976,4393,1140,7509,Winter,Summer,Low,Adventure,4.8,Self-drive
Manali,Himachal Pradesh,Manali Mid-Range Stay 27,Mid-Range,3.7,1669,5109,1153,7931,Monsoon,Summer,High,Adventure,4.8,Self-drive
Manali,Himachal Pradesh,Manali Budget Stay 28,Budget,4.2,3177,1785,2436,7398,Summer,Summer,Medium,Adventure,4.8,Flight
Manali,Himachal Pradesh,Manali Mid-Range Stay 29,Mid-Range,4.9,3361,4341,888,8590,Spring,Summer,High,Adventure,4.8,Train
Manali,Himachal Pradesh,Manali Luxury Stay 30,Luxury,4.2,1537,8026,2435,11998,Summer,Summer,Medium,Adventure,4.8,Self-drive
Manali,Himachal Pradesh,Manali Mid-Range Stay 31,Mid-Range,3.8,3104,3199,1513,7816,Spring,Summer,High,Adventure,4.8,Train
Manali,Himachal Pradesh,Manali Luxury Stay 32,Luxury,3.9,1897,10030,2307,14234,Autumn,Summer,High,Adventure,4.8,Self-drive
Manali,Himachal Pradesh,Manali Mid-Range Stay 33,Mid-Range,4.0,2394,3209,1242,6845,Monsoon,Summer,High,Adventure,4.8,Self-drive
Manali,Himachal Pradesh,Manali Budget Stay 34,Budget,4.3,1773,2326,763,4862,Autumn,Summer,Medium,Adventure,4.8,Self-drive
Manali,Himachal Pradesh,Manali Mid-Range Stay 35,Mid-Range,4.3,4970,3590,1322,9882,Winter,Summer,Medium,Adventure,4.8,Flight
Manali,Himachal Pradesh,Manali Budget Stay 36,Budget,3.7,4543,1882,805,7230,Autumn,Summer,Low,Adventure,4.8,Bus
Manali,Himachal Pradesh,Manali Budget Stay 37,Budget,4.9,3251,1852,1715,6818,Autumn,Summer,High,Adventure,4.8,Flight
Manali,Himachal Pradesh,Manali Luxury Stay 38,Luxury,4.6,3817,6636,1178,11631,Monsoon,Summer,High,Adventure,4.8,Self-drive
Manali,Himachal Pradesh,Manali Luxury Stay 39,Luxury,4.7,4687,11389,1043,17119,Winter,Summer,Medium,Adventure,4.8,Flight
Manali,Himachal Pradesh,Manali Budget Stay 40,Budget,4.4,3914,1549,802,6265,Autumn,Summer,High,Adventure,4.8,Bus
Manali,Himachal Pradesh,Manali Luxury Stay 41,Luxury,3.8,2040,11916,1345,15301,Summer,Summer,Low,Adventure,4.8,Bus
Manali,Himachal Pradesh,Manali Luxury Stay 42,Luxury,4.8,2498,12898,1648,17044,Summer,Summer,Medium,Adventure,4.8,Self-drive
Manali,Himachal Pradesh,Manali Mid-Range Stay 43,Mid-Range,4.0,3604,4882,1618,10104,Monsoon,Summer,High,Adventure,4.8,Self-drive
Manali,Himachal Pradesh,Manali Luxury Stay 44,Luxury,4.4,3245,8785,960,12990,Monsoon,Summer,High,Adventure,4.8,Flight
Manali,Himachal Pradesh,Manali Luxury Stay 45,Luxury,4.5,3657,10430,1647,15734,Monsoon,Summer,Medium,Adventure,4.8,Train
Manali,Himachal Pradesh,Manali Budget Stay 46,Budget,4.8,3179,2008,586,5773,Monsoon,Summer,Medium,Adventure,4.8,Self-drive
Manali,Himachal Pradesh,Manali Budget Stay 47,Budget,4.9,2455,1725,2195,6375,Monsoon,Summer,High,Adventure,4.8,Flight
Manali,Himachal Pradesh,Manali Luxury Stay 48,Luxury,3.7,2786,8460,603,11849,Autumn,Summer,Medium,Adventure,4.8,Flight
Manali,Himachal Pradesh,Manali Luxury Stay 49,Luxury,3.6,1623,10369,1895,13887,Autumn,Summer,Low,Adventure,4.8,Train
Manali,Himachal Pradesh,Manali Luxury Stay 50,Luxury,4.1,2433,14194,2048,18675,Summer,Summer,Low,Adventure,4.8,Train
Manali,Himachal Pradesh,Manali Mid-Range Stay 51,Mid-Range,4.9,1105,5351,2370,8826,Monsoon,Summer,Medium,Adventure,4.8,Bus
Manali,Himachal Pradesh,Manali Budget Stay 52,Budget,5.0,3171,2415,2295,7881,Summer,Summer,Medium,Adventure,4.8,Bus
Manali,Himachal Pradesh,Manali Mid-Range Stay 53,Mid-Range,4.9,4846,4165,2321,11332,Winter,Summer,Low,Adventure,4.8,Bus
Manali,Himachal Pradesh,Manali Mid-Range Stay 54,Mid-Range,3.8,4559,5224,1827,11610,Summer,Summer,High,Adventure,4.8,Flight
Manali,Himachal Pradesh,Manali Budget Stay 55,Budget,4.6,2237,1804,1751,5792,Monsoon,Summer,High,Adventure,4.8,Bus
Manali,Himachal Pradesh,Manali Luxury Stay 56,Luxury,3.6,4711,7651,1162,13524,Spring,Summer,Medium,Adventure,4.8,Flight
Manali,Himachal Pradesh,Manali Mid-Range Stay 57,Mid-Range,3.9,893,5220,1035,7148,Summer,Summer,Low,Adventure,4.8,Self-drive
Manali,Himachal Pradesh,Manali Budget Stay 58,Budget,4.5,4121,2153,1905,8179,Monsoon,Summer,High,Adventure,4.8,Bus
Manali,Himachal Pradesh,Manali Mid-Range Stay 59,Mid-Range,4.5,2609,4505,948,8062,Autumn,Summer,High,Adventure,4.8,Bus
Manali,Himachal Pradesh,Manali Budget Stay 60,Budget,4.6,4657,2928,2051,9636,Summer,Summer,Medium,Adventure,4.8,Self-drive
Munnar,Kerala,Munnar Budget Stay 1,Budget,4.5,4459,2420,1581,8460,Autumn,Winter,High,Nature,4.7,Train
Munnar,Kerala,Munnar Luxury Stay 2,Luxury,3.6,2027,8156,836,11019,Monsoon,Winter,Low,Nature,4.7,Bus
Munnar,Kerala,Munnar Mid-Range Stay 3,Mid-Range,4.5,4980,5002,1412,11394,Monsoon,Winter,High,Nature,4.7,Bus
Munnar,Kerala,Munnar Budget Stay 4,Budget,4.2,3324,1581,1981,6886,Winter,Winter,Medium,Nature,4.7,Self-drive
Munnar,Kerala,Munnar Mid-Range Stay 5,Mid-Range,4.6,4270,3958,1205,9433,Winter,Winter,Medium,Nature,4.7,Bus
Munnar,Kerala,Munnar Budget Stay 6,Budget,5.0,4149,2599,868,7616,Winter,Winter,High,Nature,4.7,Bus
Munnar,Kerala,Munnar Luxury Stay 7,Luxury,4.1,3877,9592,664,14133,Summer,Winter,High,Nature,4.7,Self-drive
Munnar,Kerala,Munnar Luxury Stay 8,Luxury,3.7,1843,10832,1990,14665,Autumn,Winter,Low,Nature,4.7,Flight
Munnar,Kerala,Munnar Budget Stay 9,Budget,4.2,3907,2315,2186,8408,Summer,Winter,Low,Nature,4.7,Flight
Munnar,Kerala,Munnar Mid-Range Stay 10,Mid-Range,3.7,4234,3462,1759,9455,Summer,Winter,Low,Nature,4.7,Flight
Munnar,Kerala,Munnar Budget Stay 11,Budget,3.7,1198,1521,1001,3720,Winter,Winter,Low,Nature,4.7,Bus
Munnar,Kerala,Munnar Mid-Range Stay 12,Mid-Range,4.3,3169,4287,979,8435,Winter,Winter,Medium,Nature,4.7,Train
Munnar,Kerala,Munnar Luxury Stay 13,Luxury,3.9,4187,8310,1115,13612,Autumn,Winter,Medium,Nature,4.7,Flight
Munnar,Kerala,Munnar Luxury Stay 14,Luxury,4.4,1184,10560,2491,14235,Monsoon,Winter,Low,Nature,4.7,Train
Munnar,Kerala,Munnar Luxury Stay 15,Luxury,4.7,2022,9844,1114,12980,Monsoon,Winter,High,Nature,4.7,Self-drive
Munnar,Kerala,Munnar Luxury Stay 16,Luxury,3.9,4593,7682,2373,14648,Spring,Winter,Low,Nature,4.7,Self-drive
Munnar,Kerala,Munnar Mid-Range Stay 17,Mid-Range,4.3,2888,5508,916,9312,Winter,Winter,High,Nature,4.7,Self-drive
Munnar,Kerala,Munnar Budget Stay 18,Budget,4.8,1222,1389,1049,3660,Monsoon,Winter,High,Nature,4.7,Self-drive
Munnar,Kerala,Munnar Luxury Stay 19,Luxury,4.8,2577,12000,1481,16058,Spring,Winter,High,Nature,4.7,Bus
Munnar,Kerala,Munnar Mid-Range Stay 20,Mid-Range,3.8,2787,3480,1924,8191,Summer,Winter,Medium,Nature,4.7,Bus
Munnar,Kerala,Munnar Budget Stay 21,Budget,4.9,3918,2330,1454,7702,Autumn,Winter,High,Nature,4.7,Self-drive
Munnar,Kerala,Munnar Mid-Range Stay 22,Mid-Range,3.9,1607,5036,2144,8787,Autumn,Winter,High,Nature,4.7,Flight
Munnar,Kerala,Munnar Budget Stay 23,Budget,4.0,1995,1293,533,3821,Spring,Winter,Medium,Nature,4.7,Flight
Munnar,Kerala,Munnar Luxury Stay 24,Luxury,3.9,3911,8384,1666,13961,Monsoon,Winter,High,Nature,4.7,Self-drive
Munnar,Kerala,Munnar Luxury Stay 25,Luxury,3.9,2178,10275,2000,14453,Summer,Winter,Medium,Nature,4.7,Flight
Munnar,Kerala,Munnar Budget Stay 26,Budget,3.8,1077,2310,2218,5605,Monsoon,Winter,Low,Nature,4.7,Self-drive
Munnar,Kerala,Munnar Budget Stay 27,Budget,4.1,2037,2989,518,5544,Winter,Winter,High,Nature,4.7,Bus
Munnar,Kerala,Munnar Mid-Range Stay 28,Mid-Range,3.6,4796,4979,532,10307,Summer,Winter,High,Nature,4.7,Flight
Munnar,Kerala,Munnar Luxury Stay 29,Luxury,3.5,3148,13065,535,16748,Winter,Winter,High,Nature,4.7,Self-drive
Munnar,Kerala,Munnar Luxury Stay 30,Luxury,4.7,2019,7289,993,10301,Autumn,Winter,High,Nature,4.7,Self-drive
Munnar,Kerala,Munnar Luxury Stay 31,Luxury,4.7,3856,7147,2464,13467,Summer,Winter,High,Nature,4.7,Flight
Munnar,Kerala,Munnar Luxury Stay 32,Luxury,5.0,1059,7160,691,8910,Spring,Winter,Medium,Nature,4.7,Train
Munnar,Kerala,Munnar Mid-Range Stay 33,Mid-Range,3.6,4894,3701,2231,10826,Spring,Winter,Medium,Nature,4.7,Self-drive
Munnar,Kerala,Munnar Mid-Range Stay 34,Mid-Range,4.8,4695,3941,1055,9691,Spring,Winter,High,Nature,4.7,Bus
Munnar,Kerala,Munnar Luxury Stay 35,Luxury,4.8,3376,9562,532,13470,Winter,Winter,Low,Nature,4.7,Flight
Munnar,Kerala,Munnar Budget Stay 36,Budget,4.9,2769,1812,1660,6241,Summer,Winter,High,Nature,4.7,Self-drive
Munnar,Kerala,Munnar Luxury Stay 37,Luxury,4.1,3633,10602,609,14844,Spring,Winter,High,Nature,4.7,Flight
Munnar,Kerala,Munnar Budget Stay 38,Budget,4.0,3473,2948,560,6981,Winter,Winter,Medium,Nature,4.7,Bus
Munnar,Kerala,Munnar Mid-Range Stay 39,Mid-Range,4.0,3913,4768,675,9356,Monsoon,Winter,Medium,Nature,4.7,Train
Munnar,Kerala,Munnar Budget Stay 40,Budget,3.6,2063,1515,2014,5592,Autumn,Winter,Medium,Nature,4.7,Bus
Munnar,Kerala,Munnar Mid-Range Stay 41,Mid-Range,3.6,3009,4821,709,8539,Spring,Winter,Medium,Nature,4.7,Bus
Munnar,Kerala,Munnar Budget Stay 42,Budget,4.2,1646,2336,553,4535,Summer,Winter,Low,Nature,4.7,Self-drive
Munnar,Kerala,Munnar Luxury Stay 43,Luxury,4.4,3190,7921,1347,12458,Winter,Winter,Medium,Nature,4.7,Bus
Munnar,Kerala,Munnar Luxury Stay 44,Luxury,4.4,1937,7888,1050,10875,Spring,Winter,Low,Nature,4.7,Train
Munnar,Kerala,Munnar Mid-Range Stay 45,Mid-Range,3.6,3255,4130,1491,8876,Monsoon,Winter,Medium,Nature,4.7,Train
Munnar,Kerala,Munnar Mid-Range Stay 46,Mid-Range,4.6,2401,6518,1437,10356,Winter,Winter,Medium,Nature,4.7,Train
Munnar,Kerala,Munnar Mid-Range Stay 47,Mid-Range,4.9,4406,5467,1185,11058,Winter,Winter,Low,Nature,4.7,Bus
Munnar,Kerala,Munnar Luxury Stay 48,Luxury,4.0,3373,10424,863,14660,Spring,Winter,High,Nature,4.7,Train
Munnar,Kerala,Munnar Mid-Range Stay 49,Mid-Range,5.0,3096,4334,2172,9602,Spring,Winter,Medium,Nature,4.7,Self-drive
Munnar,Kerala,Munnar Budget Stay 50,Budget,4.4,1020,2317,2451,5788,Spring,Winter,Medium,Nature,4.7,Train
Munnar,Kerala,Munnar Budget Stay 51,Budget,4.7,1940,1341,1797,5078,Spring,Winter,High,Nature,4.7,Self-drive
Munnar,Kerala,Munnar Mid-Range Stay 52,Mid-Range,4.6,4725,3302,1692,9719,Monsoon,Winter,Low,Nature,4.7,Train
Munnar,Kerala,Munnar Luxury Stay 53,Luxury,4.3,1496,11364,723,13583,Spring,Winter,High,Nature,4.7,Self-drive
Munnar,Kerala,Munnar Luxury Stay 54,Luxury,3.7,4073,11113,2480,17666,Summer,Winter,High,Nature,4.7,Flight
Munnar,Kerala,Munnar Budget Stay 55,Budget,3.6,2610,1654,1412,5676,Monsoon,Winter,Medium,Nature,4.7,Bus
Munnar,Kerala,Munnar Mid-Range Stay 56,Mid-Range,4.0,3220,4977,1351,9548,Monsoon,Winter,Medium,Nature,4.7,Train
Munnar,Kerala,Munnar Luxury Stay 57,Luxury,4.0,4756,9832,1213,15801,Winter,Winter,Low,Nature,4.7,Train
Munnar,Kerala,Munnar Mid-Range Stay 58,Mid-Range,4.0,985,3183,2239,6407,Spring,Winter,Low,Nature,4.7,Self-drive
Munnar,Kerala,Munnar Budget Stay 59,Budget,4.9,2111,1699,1177,4987,Monsoon,Winter,High,Nature,4.7,Train
Munnar,Kerala,Munnar Mid-Range Stay 60,Mid-Range,4.7,4340,3755,1310,9405,Autumn,Winter,Medium,Nature,4.7,Train
Pondicherry,Puducherry,Pondicherry Luxury Stay 1,Luxury,4.2,2559,7843,921,11323,Winter,Winter,High,Cultural,4.4,Train
Pondicherry,Puducherry,Pondicherry Budget Stay 2,Budget,4.7,3470,2299,903,6672,Monsoon,Winter,High,Cultural,4.4,Bus
Pondicherry,Puducherry,Pondicherry Mid-Range Stay 3,Mid-Range,4.3,4015,5445,1702,11162,Spring,Winter,Low,Cultural,4.4,Self-drive
Pondicherry,Puducherry,Pondicherry Mid-Range Stay 4,Mid-Range,4.4,1897,6500,1141,9538,Winter,Winter,Medium,Cultural,4.4,Self-drive
Pondicherry,Puducherry,Pondicherry Mid-Range Stay 5,Mid-Range,3.8,4226,6110,1721,12057,Winter,Winter,Low,Cultural,4.4,Bus
Pondicherry,Puducherry,Pondicherry Mid-Range Stay 6,Mid-Range,3.8,2166,3709,1502,7377,Summer,Winter,High,Cultural,4.4,Self-drive
Pondicherry,Puducherry,Pondicherry Budget Stay 7,Budget,4.8,878,2468,1492,4838,Monsoon,Winter,Low,Cultural,4.4,Flight
Pondicherry,Puducherry,Pondicherry Mid-Range Stay 8,Mid-Range,4.1,4803,4702,842,10347,Summer,Winter,Low,Cultural,4.4,Self-drive
Pondicherry,Puducherry,Pondicherry Budget Stay 9,Budget,3.9,3164,2114,844,6122,Winter,Winter,High,Cultural,4.4,Train
Pondicherry,Puducherry,Pondicherry Luxury Stay 10,Luxury,4.3,2994,7435,2087,12516,Spring,Winter,High,Cultural,4.4,Self-drive
Pondicherry,Puducherry,Pondicherry Luxury Stay 11,Luxury,4.6,4282,8290,709,13281,Autumn,Winter,Medium,Cultural,4.4,Bus
Pondicherry,Puducherry,Pondicherry Budget Stay 12,Budget,3.9,2741,1378,929,5048,Summer,Winter,Medium,Cultural,4.4,Self-drive
Pondicherry,Puducherry,Pondicherry Mid-Range Stay 13,Mid-Range,3.7,1286,3846,1667,6799,Autumn,Winter,High,Cultural,4.4,Self-drive
Pondicherry,Puducherry,Pondicherry Mid-Range Stay 14,Mid-Range,4.0,2990,4185,2450,9625,Monsoon,Winter,High,Cultural,4.4,Train
Pondicherry,Puducherry,Pondicherry Budget Stay 15,Budget,4.9,1839,2042,1936,5817,Autumn,Winter,High,Cultural,4.4,Train
Pondicherry,Puducherry,Pondicherry Budget Stay 16,Budget,4.7,3001,2004,1785,6790,Summer,Winter,Low,Cultural,4.4,Flight
Pondicherry,Puducherry,Pondicherry Mid-Range Stay 17,Mid-Range,4.5,3079,4650,1922,9651,Spring,Winter,Medium,Cultural,4.4,Bus
Pondicherry,Puducherry,Pondicherry Mid-Range Stay 18,Mid-Range,4.4,3734,4877,2241,10852,Monsoon,Winter,Medium,Cultural,4.4,Flight
Pondicherry,Puducherry,Pondicherry Mid-Range Stay 19,Mid-Range,5.0,3444,6031,2196,11671,Winter,Winter,High,Cultural,4.4,Train
Pondicherry,Puducherry,Pondicherry Luxury Stay 20,Luxury,4.3,1176,6896,703,8775,Monsoon,Winter,Medium,Cultural,4.4,Train
Pondicherry,Puducherry,Pondicherry Budget Stay 21,Budget,4.2,1880,1201,2306,5387,Spring,Winter,Low,Cultural,4.4,Train
Pondicherry,Puducherry,Pondicherry Mid-Range Stay 22,Mid-Range,4.5,2155,3337,606,6098,Monsoon,Winter,Low,Cultural,4.4,Bus
Pondicherry,Puducherry,Pondicherry Mid-Range Stay 23,Mid-Range,4.1,2548,3389,1476,7413,Spring,Winter,High,Cultural,4.4,Train
Pondicherry,Puducherry,Pondicherry Luxury Stay 24,Luxury,4.3,3614,7879,2173,13666,Winter,Winter,Low,Cultural,4.4,Train
Pondicherry,Puducherry,Pondicherry Luxury Stay 25,Luxury,4.2,1639,8677,711,11027,Winter,Winter,Medium,Cultural,4.4,Train
Pondicherry,Puducherry,Pondicherry Mid-Range Stay 26,Mid-Range,4.1,869,3585,1749,6203,Monsoon,Winter,Medium,Cultural,4.4,Train
Pondicherry,Puducherry,Pondicherry Mid-Range Stay 27,Mid-Range,4.4,4424,4686,2261,11371,Summer,Winter,Medium,Cultural,4.4,Train
Pondicherry,Puducherry,Pondicherry Budget Stay 28,Budget,4.6,4317,2407,1144,7868,Summer,Winter,Low,Cultural,4.4,Train
Pondicherry,Puducherry,Pondicherry Mid-Range Stay 29,Mid-Range,3.9,3134,5457,2095,10686,Summer,Winter,Low,Cultural,4.4,Bus
Pondicherry,Puducherry,Pondicherry Mid-Range Stay 30,Mid-Range,4.3,3221,4526,1823,9570,Winter,Winter,High,Cultural,4.4,Train
Pondicherry,Puducherry,Pondicherry Mid-Range Stay 31,Mid-Range,3.7,898,6518,1239,8655,Winter,Winter,Low,Cultural,4.4,Self-drive
Pondicherry,Puducherry,Pondicherry Mid-Range Stay 32,Mid-Range,4.0,936,4929,1702,7567,Monsoon,Winter,Low,Cultural,4.4,Self-drive
Pondicherry,Puducherry,Pondicherry Mid-Range Stay 33,Mid-Range,3.6,3146,5556,1787,10489,Winter,Winter,Low,Cultural,4.4,Train
Pondicherry,Puducherry,Pondicherry Mid-Range Stay 34,Mid-Range,3.6,2050,5202,1068,8320,Autumn,Winter,Medium,Cultural,4.4,Self-drive
Pondicherry,Puducherry,Pondicherry Budget Stay 35,Budget,5.0,4000,1821,1701,7522,Winter,Winter,Medium,Cultural,4.4,Train
Pondicherry,Puducherry,Pondicherry Luxury Stay 36,Luxury,4.6,1506,10202,2393,14101,Winter,Winter,Medium,Cultural,4.4,Self-drive
Pondicherry,Puducherry,Pondicherry Mid-Range Stay 37,Mid-Range,4.0,1924,3489,1936,7349,Spring,Winter,Low,Cultural,4.4,Bus
Pondicherry,Puducherry,Pondicherry Mid-Range Stay 38,Mid-Range,4.3,1839,4419,2035,8293,Winter,Winter,Low,Cultural,4.4,Flight
Pondicherry,Puducherry,Pondicherry Budget Stay 39,Budget,4.0,1323,2079,1038,4440,Monsoon,Winter,High,Cultural,4.4,Bus
Pondicherry,Puducherry,Pondicherry Budget Stay 40,Budget,4.2,2167,1937,1253,5357,Autumn,Winter,High,Cultural,4.4,Self-drive
Pondicherry,Puducherry,Pondicherry Budget Stay 41,Budget,3.8,900,2242,1000,4142,Summer,Winter,Medium,Cultural,4.4,Bus
Pondicherry,Puducherry,Pondicherry Mid-Range Stay 42,Mid-Range,4.9,4235,3772,959,8966,Winter,Winter,Medium,Cultural,4.4,Self-drive
Pondicherry,Puducherry,Pondicherry Mid-Range Stay 43,Mid-Range,3.9,1778,5341,1528,8647,Monsoon,Winter,Low,Cultural,4.4,Flight
Pondicherry,Puducherry,Pondicherry Budget Stay 44,Budget,4.9,3345,1609,1170,6124,Winter,Winter,Low,Cultural,4.4,Bus
Pondicherry,Puducherry,Pondicherry Mid-Range Stay 45,Mid-Range,4.1,2787,6370,1450,10607,Winter,Winter,High,Cultural,4.4,Bus
Pondicherry,Puducherry,Pondicherry Mid-Range Stay 46,Mid-Range,4.6,852,4004,2409,7265,Monsoon,Winter,High,Cultural,4.4,Train
Pondicherry,Puducherry,Pondicherry Budget Stay 47,Budget,4.5,3882,1219,2238,7339,Spring,Winter,Low,Cultural,4.4,Flight
Pondicherry,Puducherry,Pondicherry Budget Stay 48,Budget,4.1,1562,1322,589,3473,Monsoon,Winter,Low,Cultural,4.4,Train
Pondicherry,Puducherry,Pondicherry Mid-Range Stay 49,Mid-Range,4.2,4940,5378,773,11091,Summer,Winter,High,Cultural,4.4,Flight
Pondicherry,Puducherry,Pondicherry Luxury Stay 50,Luxury,4.2,2938,8889,2242,14069,Spring,Winter,Low,Cultural,4.4,Bus
Pondicherry,Puducherry,Pondicherry Luxury Stay 51,Luxury,4.0,2460,7111,778,10349,Monsoon,Winter,Medium,Cultural,4.4,Flight
Pondicherry,Puducherry,Pondicherry Budget Stay 52,Budget,3.7,1789,2154,1597,5540,Autumn,Winter,Low,Cultural,4.4,Bus
Pondicherry,Puducherry,Pondicherry Mid-Range Stay 53,Mid-Range,4.2,3292,3370,2192,8854,Monsoon,Winter,Low,Cultural,4.4,Flight
Pondicherry,Puducherry,Pondicherry Budget Stay 54,Budget,3.7,1201,1708,1886,4795,Autumn,Winter,Low,Cultural,4.4,Flight
Pondicherry,Puducherry,Pondicherry Budget Stay 55,Budget,4.9,2846,2126,693,5665,Monsoon,Winter,Medium,Cultural,4.4,Bus
Pondicherry,Puducherry,Pondicherry Budget Stay 56,Budget,3.5,4081,1655,1262,6998,Spring,Winter,Low,Cultural,4.4,Bus
Pondicherry,Puducherry,Pondicherry Luxury Stay 57,Luxury,4.9,2419,8433,2348,13200,Winter,Winter,High,Cultural,4.4,Flight
Pondicherry,Puducherry,Pondicherry Budget Stay 58,Budget,3.7,4348,2144,2182,8674,Spring,Winter,Low,Cultural,4.4,Flight
Pondicherry,Puducherry,Pondicherry Budget Stay 59,Budget,4.5,2333,1553,1063,4949,Spring,Winter,Medium,Cultural,4.4,Self-drive
Pondicherry,Puducherry,Pondicherry Budget Stay 60,Budget,4.4,3217,2463,1521,7201,Monsoon,Winter,Medium,Cultural,4.4,Bus
Gokarna,Karnataka,Gokarna Mid-Range Stay 1,Mid-Range,3.6,2433,3562,1816,7811,Spring,Winter,High,Beach,4.5,Bus
Gokarna,Karnataka,Gokarna Luxury Stay 2,Luxury,5.0,4770,10960,1204,16934,Autumn,Winter,Low,Beach,4.5,Bus
Gokarna,Karnataka,Gokarna Mid-Range Stay 3,Mid-Range,3.9,2594,4306,560,7460,Autumn,Winter,High,Beach,4.5,Self-drive
Gokarna,Karnataka,Gokarna Mid-Range Stay 4,Mid-Range,4.7,2830,3653,1845,8328,Monsoon,Winter,Low,Beach,4.5,Flight
Gokarna,Karnataka,Gokarna Luxury Stay 5,Luxury,4.6,3706,9681,2415,15802,Summer,Winter,Medium,Beach,4.5,Bus
Gokarna,Karnataka,Gokarna Budget Stay 6,Budget,4.7,3680,1934,2440,8054,Summer,Winter,Low,Beach,4.5,Flight
Gokarna,Karnataka,Gokarna Budget Stay 7,Budget,4.8,2238,2208,1504,5950,Autumn,Winter,High,Beach,4.5,Train
Gokarna,Karnataka,Gokarna Budget Stay 8,Budget,4.4,805,1488,1179,3472,Winter,Winter,Low,Beach,4.5,Train
Gokarna,Karnataka,Gokarna Budget Stay 9,Budget,4.6,2010,1862,1701,5573,Autumn,Winter,Low,Beach,4.5,Flight
Gokarna,Karnataka,Gokarna Luxury Stay 10,Luxury,4.9,1627,11300,1189,14116,Summer,Winter,Low,Beach,4.5,Flight
Gokarna,Karnataka,Gokarna Budget Stay 11,Budget,4.6,3399,2094,856,6349,Monsoon,Winter,Medium,Beach,4.5,Train
Gokarna,Karnataka,Gokarna Luxury Stay 12,Luxury,3.8,3313,9599,2003,14915,Autumn,Winter,High,Beach,4.5,Flight
Gokarna,Karnataka,Gokarna Budget Stay 13,Budget,4.9,1065,2373,872,4310,Monsoon,Winter,Low,Beach,4.5,Bus
Gokarna,Karnataka,Gokarna Luxury Stay 14,Luxury,4.5,3512,7652,2026,13190,Autumn,Winter,Medium,Beach,4.5,Train
Gokarna,Karnataka,Gokarna Mid-Range Stay 15,Mid-Range,3.8,893,5250,1043,7186,Winter,Winter,Low,Beach,4.5,Flight
Gokarna,Karnataka,Gokarna Luxury Stay 16,Luxury,4.0,3961,6894,1397,12252,Summer,Winter,Low,Beach,4.5,Bus
Gokarna,Karnataka,Gokarna Mid-Range Stay 17,Mid-Range,4.8,1630,5236,2197,9063,Spring,Winter,Low,Beach,4.5,Self-drive
Gokarna,Karnataka,Gokarna Luxury Stay 18,Luxury,3.7,964,8915,1152,11031,Spring,Winter,High,Beach,4.5,Train
Gokarna,Karnataka,Gokarna Budget Stay 19,Budget,3.8,1562,1968,1192,4722,Monsoon,Winter,Low,Beach,4.5,Flight
Gokarna,Karnataka,Gokarna Mid-Range Stay 20,Mid-Range,4.1,2086,5487,609,8182,Autumn,Winter,High,Beach,4.5,Bus
Gokarna,Karnataka,Gokarna Budget Stay 21,Budget,4.1,3106,2800,1109,7015,Winter,Winter,Medium,Beach,4.5,Train
Gokarna,Karnataka,Gokarna Budget Stay 22,Budget,4.4,3755,2205,507,6467,Summer,Winter,Low,Beach,4.5,Self-drive
Gokarna,Karnataka,Gokarna Mid-Range Stay 23,Mid-Range,3.8,3190,3847,667,7704,Spring,Winter,Low,Beach,4.5,Self-drive
Gokarna,Karnataka,Gokarna Mid-Range Stay 24,Mid-Range,4.2,3974,3373,878,8225,Spring,Winter,Low,Beach,4.5,Self-drive
Gokarna,Karnataka,Gokarna Mid-Range Stay 25,Mid-Range,4.2,2957,4801,963,8721,Monsoon,Winter,Medium,Beach,4.5,Train
Gokarna,Karnataka,Gokarna Budget Stay 26,Budget,4.6,3616,1398,2155,7169,Monsoon,Winter,High,Beach,4.5,Train
Gokarna,Karnataka,Gokarna Luxury Stay 27,Luxury,4.3,4689,9929,1672,16290,Autumn,Winter,Medium,Beach,4.5,Train
Gokarna,Karnataka,Gokarna Mid-Range Stay 28,Mid-Range,4.1,2007,5056,746,7809,Summer,Winter,Medium,Beach,4.5,Bus
Gokarna,Karnataka,Gokarna Budget Stay 29,Budget,4.7,1441,1458,1899,4798,Spring,Winter,Low,Beach,4.5,Train
Gokarna,Karnataka,Gokarna Luxury Stay 30,Luxury,4.8,1512,7048,1294,9854,Spring,Winter,Low,Beach,4.5,Train
Gokarna,Karnataka,Gokarna Luxury Stay 31,Luxury,4.8,4237,6601,730,11568,Autumn,Winter,Medium,Beach,4.5,Flight
Gokarna,Karnataka,Gokarna Budget Stay 32,Budget,4.9,3616,2352,2297,8265,Spring,Winter,Low,Beach,4.5,Bus
Gokarna,Karnataka,Gokarna Mid-Range Stay 33,Mid-Range,4.4,3056,3153,1325,7534,Spring,Winter,Medium,Beach,4.5,Self-drive
Gokarna,Karnataka,Gokarna Luxury Stay 34,Luxury,3.6,4692,6903,2385,13980,Summer,Winter,High,Beach,4.5,Self-drive
Gokarna,Karnataka,Gokarna Budget Stay 35,Budget,4.7,4827,1820,2257,8904,Monsoon,Winter,Medium,Beach,4.5,Flight
Gokarna,Karnataka,Gokarna Budget Stay 36,Budget,5.0,4214,2528,1738,8480,Winter,Winter,Low,Beach,4.5,Flight
Gokarna,Karnataka,Gokarna Mid-Range Stay 37,Mid-Range,4.9,3863,5980,2181,12024,Winter,Winter,Low,Beach,4.5,Train
Gokarna,Karnataka,Gokarna Budget Stay 38,Budget,4.0,1037,2684,855,4576,Winter,Winter,High,Beach,4.5,Bus
Gokarna,Karnataka,Gokarna Budget Stay 39,Budget,3.5,3044,1303,1254,5601,Summer,Winter,Low,Beach,4.5,Train
Gokarna,Karnataka,Gokarna Mid-Range Stay 40,Mid-Range,4.5,4454,4525,863,9842,Spring,Winter,High,Beach,4.5,Bus
Gokarna,Karnataka,Gokarna Luxury Stay 41,Luxury,4.0,1024,8835,1291,11150,Spring,Winter,High,Beach,4.5,Flight
Gokarna,Karnataka,Gokarna Luxury Stay 42,Luxury,4.8,4154,10444,1551,16149,Winter,Winter,Low,Beach,4.5,Train
Gokarna,Karnataka,Gokarna Budget Stay 43,Budget,4.9,2633,1864,1016,5513,Winter,Winter,High,Beach,4.5,Self-drive
Gokarna,Karnataka,Gokarna Luxury Stay 44,Luxury,4.1,2864,10260,946,14070,Autumn,Winter,Medium,Beach,4.5,Flight
Gokarna,Karnataka,Gokarna Luxury Stay 45,Luxury,4.4,3865,11926,1649,17440,Spring,Winter,Medium,Beach,4.5,Self-drive
Gokarna,Karnataka,Gokarna Mid-Range Stay 46,Mid-Range,4.5,3064,3261,1811,8136,Autumn,Winter,High,Beach,4.5,Flight
Gokarna,Karnataka,Gokarna Mid-Range Stay 47,Mid-Range,3.8,4110,3984,1852,9946,Monsoon,Winter,Medium,Beach,4.5,Flight
Gokarna,Karnataka,Gokarna Budget Stay 48,Budget,4.5,4114,1805,1295,7214,Monsoon,Winter,High,Beach,4.5,Bus
Gokarna,Karnataka,Gokarna Luxury Stay 49,Luxury,4.0,4697,14074,2356,21127,Winter,Winter,High,Beach,4.5,Train
Gokarna,Karnataka,Gokarna Mid-Range Stay 50,Mid-Range,4.8,1599,3741,1464,6804,Monsoon,Winter,High,Beach,4.5,Train
Gokarna,Karnataka,Gokarna Mid-Range Stay 51,Mid-Range,4.9,3710,3365,957,8032,Summer,Winter,High,Beach,4.5,Train
Gokarna,Karnataka,Gokarna Mid-Range Stay 52,Mid-Range,3.9,4654,4899,609,10162,Monsoon,Winter,Medium,Beach,4.5,Flight
Gokarna,Karnataka,Gokarna Luxury Stay 53,Luxury,4.2,3926,7481,1585,12992,Autumn,Winter,High,Beach,4.5,Bus
Gokarna,Karnataka,Gokarna Budget Stay 54,Budget,3.7,4548,1610,793,6951,Monsoon,Winter,Medium,Beach,4.5,Train
Gokarna,Karnataka,Gokarna Budget Stay 55,Budget,4.2,1275,2492,509,4276,Monsoon,Winter,High,Beach,4.5,Bus
Gokarna,Karnataka,Gokarna Budget Stay 56,Budget,4.4,1860,1524,1758,5142,Spring,Winter,Medium,Beach,4.5,Train
Gokarna,Karnataka,Gokarna Mid-Range Stay 57,Mid-Range,4.1,1109,4570,1593,7272,Spring,Winter,High,Beach,4.5,Self-drive
Gokarna,Karnataka,Gokarna Mid-Range Stay 58,Mid-Range,4.8,833,3780,1783,6396,Summer,Winter,High,Beach,4.5,Bus
Gokarna,Karnataka,Gokarna Luxury Stay 59,Luxury,4.0,3307,10623,842,14772,Summer,Winter,Low,Beach,4.5,Flight
Gokarna,Karnataka,Gokarna Mid-Range Stay 60,Mid-Range,4.2,3567,6530,1388,11485,Winter,Winter,Low,Beach,4.5,Flight
Jaipur,Rajasthan,Jaipur Mid-Range Stay 1,Mid-Range,4.6,2671,4652,959,8282,Summer,Winter,Medium,Cultural,4.7,Flight
Jaipur,Rajasthan,Jaipur Luxury Stay 2,Luxury,4.4,1106,9503,1268,11877,Summer,Winter,Low,Cultural,4.7,Bus
Jaipur,Rajasthan,Jaipur Luxury Stay 3,Luxury,4.4,961,11854,598,13413,Monsoon,Winter,High,Cultural,4.7,Bus
Jaipur,Rajasthan,Jaipur Mid-Range Stay 4,Mid-Range,3.7,2483,5931,1923,10337,Winter,Winter,Medium,Cultural,4.7,Self-drive
Jaipur,Rajasthan,Jaipur Mid-Range Stay 5,Mid-Range,4.5,4231,6576,2201,13008,Winter,Winter,Medium,Cultural,4.7,Bus
Jaipur,Rajasthan,Jaipur Luxury Stay 6,Luxury,3.9,2436,9752,2093,14281,Winter,Winter,High,Cultural,4.7,Bus
Jaipur,Rajasthan,Jaipur Budget Stay 7,Budget,4.6,4866,1804,2364,9034,Monsoon,Winter,High,Cultural,4.7,Flight
Jaipur,Rajasthan,Jaipur Mid-Range Stay 8,Mid-Range,3.9,4847,3364,805,9016,Summer,Winter,High,Cultural,4.7,Flight
Jaipur,Rajasthan,Jaipur Budget Stay 9,Budget,4.9,2963,2007,1450,6420,Winter,Winter,High,Cultural,4.7,Bus
Jaipur,Rajasthan,Jaipur Budget Stay 10,Budget,4.8,1749,2324,694,4767,Winter,Winter,Low,Cultural,4.7,Bus
Jaipur,Rajasthan,Jaipur Budget Stay 11,Budget,4.0,3852,2515,2169,8536,Winter,Winter,Low,Cultural,4.7,Train
Jaipur,Rajasthan,Jaipur Budget Stay 12,Budget,4.1,4717,2134,2138,8989,Monsoon,Winter,Low,Cultural,4.7,Self-drive
Jaipur,Rajasthan,Jaipur Budget Stay 13,Budget,3.7,4208,1320,2366,7894,Spring,Winter,High,Cultural,4.7,Bus
Jaipur,Rajasthan,Jaipur Luxury Stay 14,Luxury,3.8,1036,11508,2266,14810,Autumn,Winter,Medium,Cultural,4.7,Self-drive
Jaipur,Rajasthan,Jaipur Mid-Range Stay 15,Mid-Range,4.8,2943,3188,1841,7972,Summer,Winter,Medium,Cultural,4.7,Bus
Jaipur,Rajasthan,Jaipur Luxury Stay 16,Luxury,5.0,1580,10785,1386,13751,Monsoon,Winter,Low,Cultural,4.7,Train
Jaipur,Rajasthan,Jaipur Mid-Range Stay 17,Mid-Range,3.7,2085,3223,1535,6843,Summer,Winter,Medium,Cultural,4.7,Self-drive
Jaipur,Rajasthan,Jaipur Budget Stay 18,Budget,4.6,3078,1856,603,5537,Spring,Winter,Medium,Cultural,4.7,Bus
Jaipur,Rajasthan,Jaipur Luxury Stay 19,Luxury,4.1,4438,10260,2140,16838,Autumn,Winter,Low,Cultural,4.7,Self-drive
Jaipur,Rajasthan,Jaipur Budget Stay 20,Budget,4.2,945,1443,710,3098,Autumn,Winter,Medium,Cultural,4.7,Self-drive
Jaipur,Rajasthan,Jaipur Budget Stay 21,Budget,4.7,2494,2437,1840,6771,Spring,Winter,Medium,Cultural,4.7,Bus
Jaipur,Rajasthan,Jaipur Mid-Range Stay 22,Mid-Range,4.7,4675,4359,1967,11001,Spring,Winter,Medium,Cultural,4.7,Bus
Jaipur,Rajasthan,Jaipur Mid-Range Stay 23,Mid-Range,3.6,3709,3008,2199,8916,Monsoon,Winter,High,Cultural,4.7,Bus
Jaipur,Rajasthan,Jaipur Luxury Stay 24,Luxury,4.6,1950,10533,2183,14666,Monsoon,Winter,High,Cultural,4.7,Flight
Jaipur,Rajasthan,Jaipur Mid-Range Stay 25,Mid-Range,3.8,2361,3883,1967,8211,Spring,Winter,Low,Cultural,4.7,Train
Jaipur,Rajasthan,Jaipur Mid-Range Stay 26,Mid-Range,4.9,4546,3504,1848,9898,Monsoon,Winter,Low,Cultural,4.7,Bus
Jaipur,Rajasthan,Jaipur Budget Stay 27,Budget,3.5,4756,1299,2393,8448,Autumn,Winter,High,Cultural,4.7,Self-drive
Jaipur,Rajasthan,Jaipur Luxury Stay 28,Luxury,4.6,3436,9673,1532,14641,Autumn,Winter,Low,Cultural,4.7,Train
Jaipur,Rajasthan,Jaipur Luxury Stay 29,Luxury,3.9,1892,10209,782,12883,Spring,Winter,Medium,Cultural,4.7,Train
Jaipur,Rajasthan,Jaipur Luxury Stay 30,Luxury,4.8,2580,11034,911,14525,Spring,Winter,High,Cultural,4.7,Flight
Jaipur,Rajasthan,Jaipur Luxury Stay 31,Luxury,4.5,3440,10627,1954,16021,Summer,Winter,High,Cultural,4.7,Flight
Jaipur,Rajasthan,Jaipur Luxury Stay 32,Luxury,4.4,4260,10610,2155,17025,Winter,Winter,Medium,Cultural,4.7,Self-drive
Jaipur,Rajasthan,Jaipur Budget Stay 33,Budget,4.1,2987,1569,2036,6592,Winter,Winter,High,Cultural,4.7,Bus
Jaipur,Rajasthan,Jaipur Luxury Stay 34,Luxury,3.7,1064,8171,1234,10469,Summer,Winter,Medium,Cultural,4.7,Flight
Jaipur,Rajasthan,Jaipur Luxury Stay 35,Luxury,4.6,4985,8446,2106,15537,Spring,Winter,Low,Cultural,4.7,Train
Jaipur,Rajasthan,Jaipur Luxury Stay 36,Luxury,4.9,1240,9061,526,10827,Monsoon,Winter,High,Cultural,4.7,Bus
Jaipur,Rajasthan,Jaipur Luxury Stay 37,Luxury,4.7,2409,11320,2089,15818,Monsoon,Winter,Low,Cultural,4.7,Self-drive
Jaipur,Rajasthan,Jaipur Mid-Range Stay 38,Mid-Range,5.0,1777,3765,1272,6814,Summer,Winter,Medium,Cultural,4.7,Train
Jaipur,Rajasthan,Jaipur Mid-Range Stay 39,Mid-Range,3.7,3507,4852,1455,9814,Winter,Winter,Medium,Cultural,4.7,Flight
Jaipur,Rajasthan,Jaipur Budget Stay 40,Budget,4.4,3733,2480,649,6862,Summer,Winter,Low,Cultural,4.7,Flight
Jaipur,Rajasthan,Jaipur Budget Stay 41,Budget,4.3,4104,2234,688,7026,Monsoon,Winter,High,Cultural,4.7,Train
Jaipur,Rajasthan,Jaipur Budget Stay 42,Budget,4.0,4690,1801,1649,8140,Monsoon,Winter,Low,Cultural,4.7,Flight
Jaipur,Rajasthan,Jaipur Luxury Stay 43,Luxury,4.2,3429,8191,1281,12901,Winter,Winter,Low,Cultural,4.7,Flight
Jaipur,Rajasthan,Jaipur Mid-Range Stay 44,Mid-Range,3.5,4967,5442,1412,11821,Winter,Winter,Medium,Cultural,4.7,Flight
Jaipur,Rajasthan,Jaipur Mid-Range Stay 45,Mid-Range,4.0,860,3393,1783,6036,Spring,Winter,Low,Cultural,4.7,Train
Jaipur,Rajasthan,Jaipur Luxury Stay 46,Luxury,4.8,4365,9820,1824,16009,Winter,Winter,Low,Cultural,4.7,Train
Jaipur,Rajasthan,Jaipur Luxury Stay 47,Luxury,3.5,1400,8659,611,10670,Winter,Winter,High,Cultural,4.7,Train
Jaipur,Rajasthan,Jaipur Luxury Stay 48,Luxury,4.4,3978,9839,1423,15240,Summer,Winter,Medium,Cultural,4.7,Bus
Jaipur,Rajasthan,Jaipur Mid-Range Stay 49,Mid-Range,4.1,1318,5190,2048,8556,Spring,Winter,Medium,Cultural,4.7,Bus
Jaipur,Rajasthan,Jaipur Luxury Stay 50,Luxury,4.0,3268,8874,1742,13884,Autumn,Winter,Low,Cultural,4.7,Bus
Jaipur,Rajasthan,Jaipur Mid-Range Stay 51,Mid-Range,4.1,2601,5929,779,9309,Winter,Winter,Medium,Cultural,4.7,Self-drive
Jaipur,Rajasthan,Jaipur Mid-Range Stay 52,Mid-Range,3.9,1958,3045,752,5755,Spring,Winter,High,Cultural,4.7,Train
Jaipur,Rajasthan,Jaipur Luxury Stay 53,Luxury,4.3,3616,9864,933,14413,Winter,Winter,Low,Cultural,4.7,Self-drive
Jaipur,Rajasthan,Jaipur Luxury Stay 54,Luxury,3.7,1738,8091,871,10700,Spring,Winter,High,Cultural,4.7,Train
Jaipur,Rajasthan,Jaipur Luxury Stay 55,Luxury,4.5,2853,7051,701,10605,Autumn,Winter,Low,Cultural,4.7,Self-drive
Jaipur,Rajasthan,Jaipur Luxury Stay 56,Luxury,4.9,2721,11999,704,15424,Summer,Winter,High,Cultural,4.7,Self-drive
Jaipur,Rajasthan,Jaipur Budget Stay 57,Budget,4.0,3304,2122,1920,7346,Monsoon,Winter,High,Cultural,4.7,Train
Jaipur,Rajasthan,Jaipur Luxury Stay 58,Luxury,4.7,3365,6539,1004,10908,Autumn,Winter,Low,Cultural,4.7,Flight
Jaipur,Rajasthan,Jaipur Luxury Stay 59,Luxury,3.9,4731,9216,1447,15394,Summer,Winter,High,Cultural,4.7,Self-drive
Jaipur,Rajasthan,Jaipur Mid-Range Stay 60,Mid-Range,4.3,3098,5484,2258,10840,Spring,Winter,Medium,Cultural,4.7,Self-drive
Ladakh,Ladakh,Ladakh Budget Stay 1,Budget,4.6,952,2979,2239,6170,Summer,Summer,High,Adventure,4.9,Flight
Ladakh,Ladakh,Ladakh Budget Stay 2,Budget,4.7,2934,1635,1613,6182,Autumn,Summer,High,Adventure,4.9,Self-drive
Ladakh,Ladakh,Ladakh Luxury Stay 3,Luxury,4.0,1896,8883,1451,12230,Autumn,Summer,Medium,Adventure,4.9,Train
Ladakh,Ladakh,Ladakh Budget Stay 4,Budget,4.0,2158,1221,2050,5429,Autumn,Summer,High,Adventure,4.9,Self-drive
Ladakh,Ladakh,Ladakh Mid-Range Stay 5,Mid-Range,3.8,3739,3598,582,7919,Autumn,Summer,Low,Adventure,4.9,Train
Ladakh,Ladakh,Ladakh Budget Stay 6,Budget,3.9,2493,2014,1560,6067,Summer,Summer,Medium,Adventure,4.9,Bus
Ladakh,Ladakh,Ladakh Mid-Range Stay 7,Mid-Range,4.8,3040,4327,2209,9576,Monsoon,Summer,Medium,Adventure,4.9,Self-drive
Ladakh,Ladakh,Ladakh Luxury Stay 8,Luxury,4.1,1437,11314,1558,14309,Monsoon,Summer,High,Adventure,4.9,Train
Ladakh,Ladakh,Ladakh Budget Stay 9,Budget,4.0,854,1906,1527,4287,Monsoon,Summer,Medium,Adventure,4.9,Self-drive
Ladakh,Ladakh,Ladakh Budget Stay 10,Budget,3.6,2331,2130,822,5283,Summer,Summer,Medium,Adventure,4.9,Train
Ladakh,Ladakh,Ladakh Luxury Stay 11,Luxury,4.5,4744,7428,1882,14054,Monsoon,Summer,High,Adventure,4.9,Bus
Ladakh,Ladakh,Ladakh Budget Stay 12,Budget,4.5,1153,2041,761,3955,Spring,Summer,Medium,Adventure,4.9,Train
Ladakh,Ladakh,Ladakh Budget Stay 13,Budget,4.4,1258,1280,840,3378,Autumn,Summer,High,Adventure,4.9,Train
Ladakh,Ladakh,Ladakh Luxury Stay 14,Luxury,4.4,3122,11921,2439,17482,Monsoon,Summer,Low,Adventure,4.9,Self-drive
Ladakh,Ladakh,Ladakh Mid-Range Stay 15,Mid-Range,4.8,1969,3898,2127,7994,Winter,Summer,Low,Adventure,4.9,Self-drive
Ladakh,Ladakh,Ladakh Luxury Stay 16,Luxury,3.8,1363,11386,970,13719,Autumn,Summer,Low,Adventure,4.9,Flight
Ladakh,Ladakh,Ladakh Budget Stay 17,Budget,3.5,2025,2270,1740,6035,Spring,Summer,Medium,Adventure,4.9,Bus
Ladakh,Ladakh,Ladakh Mid-Range Stay 18,Mid-Range,4.8,1563,5061,1487,8111,Winter,Summer,Low,Adventure,4.9,Bus
Ladakh,Ladakh,Ladakh Luxury Stay 19,Luxury,4.8,3834,11935,2291,18060,Summer,Summer,High,Adventure,4.9,Bus
Ladakh,Ladakh,Ladakh Luxury Stay 20,Luxury,3.8,1600,9371,1371,12342,Winter,Summer,High,Adventure,4.9,Self-drive
Ladakh,Ladakh,Ladakh Mid-Range Stay 21,Mid-Range,4.9,4147,4992,1027,10166,Summer,Summer,Medium,Adventure,4.9,Train
Ladakh,Ladakh,Ladakh Luxury Stay 22,Luxury,4.4,3872,7869,1840,13581,Summer,Summer,Low,Adventure,4.9,Bus
Ladakh,Ladakh,Ladakh Mid-Range Stay 23,Mid-Range,4.0,2877,5694,1035,9606,Summer,Summer,High,Adventure,4.9,Self-drive
Ladakh,Ladakh,Ladakh Luxury Stay 24,Luxury,4.4,4752,9885,866,15503,Autumn,Summer,Medium,Adventure,4.9,Flight
Ladakh,Ladakh,Ladakh Luxury Stay 25,Luxury,3.9,4061,9320,2006,15387,Monsoon,Summer,High,Adventure,4.9,Self-drive
Ladakh,Ladakh,Ladakh Budget Stay 26,Budget,4.2,4964,1837,1320,8121,Summer,Summer,High,Adventure,4.9,Train
Ladakh,Ladakh,Ladakh Luxury Stay 27,Luxury,3.7,4663,7690,2396,14749,Monsoon,Summer,High,Adventure,4.9,Bus
Ladakh,Ladakh,Ladakh Budget Stay 28,Budget,3.9,1109,1959,1983,5051,Autumn,Summer,Medium,Adventure,4.9,Bus
Ladakh,Ladakh,Ladakh Luxury Stay 29,Luxury,4.6,4849,7935,1399,14183,Spring,Summer,Medium,Adventure,4.9,Flight
Ladakh,Ladakh,Ladakh Luxury Stay 30,Luxury,3.8,2697,10725,1759,15181,Winter,Summer,Low,Adventure,4.9,Flight
Ladakh,Ladakh,Ladakh Budget Stay 31,Budget,3.9,3060,1440,2096,6596,Summer,Summer,High,Adventure,4.9,Flight
Ladakh,Ladakh,Ladakh Luxury Stay 32,Luxury,4.1,1362,6625,2382,10369,Spring,Summer,Medium,Adventure,4.9,Self-drive
Ladakh,Ladakh,Ladakh Mid-Range Stay 33,Mid-Range,4.0,2393,3926,1431,7750,Winter,Summer,High,Adventure,4.9,Flight
Ladakh,Ladakh,Ladakh Budget Stay 34,Budget,3.8,1392,2236,1530,5158,Spring,Summer,High,Adventure,4.9,Flight
Ladakh,Ladakh,Ladakh Budget Stay 35,Budget,4.8,3889,2377,1653,7919,Monsoon,Summer,Medium,Adventure,4.9,Flight
Ladakh,Ladakh,Ladakh Mid-Range Stay 36,Mid-Range,4.5,1752,3112,1028,5892,Spring,Summer,Low,Adventure,4.9,Self-drive
Ladakh,Ladakh,Ladakh Luxury Stay 37,Luxury,4.5,3692,9878,1557,15127,Winter,Summer,Medium,Adventure,4.9,Train
Ladakh,Ladakh,Ladakh Luxury Stay 38,Luxury,3.9,1422,9301,1635,12358,Autumn,Summer,Low,Adventure,4.9,Flight
Ladakh,Ladakh,Ladakh Mid-Range Stay 39,Mid-Range,3.8,2357,4922,1521,8800,Summer,Summer,Medium,Adventure,4.9,Flight
Ladakh,Ladakh,Ladakh Luxury Stay 40,Luxury,4.8,2845,9793,2212,14850,Summer,Summer,Low,Adventure,4.9,Train
Ladakh,Ladakh,Ladakh Budget Stay 41,Budget,3.7,854,1360,2065,4279,Autumn,Summer,Medium,Adventure,4.9,Bus
Ladakh,Ladakh,Ladakh Mid-Range Stay 42,Mid-Range,4.4,4820,5353,874,11047,Autumn,Summer,Low,Adventure,4.9,Flight
Ladakh,Ladakh,Ladakh Mid-Range Stay 43,Mid-Range,4.6,4266,3221,1479,8966,Autumn,Summer,Medium,Adventure,4.9,Train
Ladakh,Ladakh,Ladakh Luxury Stay 44,Luxury,4.1,4568,7486,1146,13200,Autumn,Summer,Low,Adventure,4.9,Flight
Ladakh,Ladakh,Ladakh Luxury Stay 45,Luxury,4.1,2927,9462,883,13272,Winter,Summer,Low,Adventure,4.9,Train
Ladakh,Ladakh,Ladakh Budget Stay 46,Budget,4.2,2306,2455,1521,6282,Autumn,Summer,Medium,Adventure,4.9,Flight
Ladakh,Ladakh,Ladakh Mid-Range Stay 47,Mid-Range,4.0,2273,4145,1670,8088,Spring,Summer,Low,Adventure,4.9,Flight
Ladakh,Ladakh,Ladakh Luxury Stay 48,Luxury,4.7,4340,13258,2253,19851,Summer,Summer,High,Adventure,4.9,Train
Ladakh,Ladakh,Ladakh Budget Stay 49,Budget,4.2,4892,1219,775,6886,Spring,Summer,Low,Adventure,4.9,Train
Ladakh,Ladakh,Ladakh Luxury Stay 50,Luxury,4.7,1190,11105,1315,13610,Autumn,Summer,High,Adventure,4.9,Flight
Ladakh,Ladakh,Ladakh Budget Stay 51,Budget,3.8,1588,1720,1421,4729,Winter,Summer,High,Adventure,4.9,Bus
Ladakh,Ladakh,Ladakh Mid-Range Stay 52,Mid-Range,4.3,4173,4409,748,9330,Monsoon,Summer,Medium,Adventure,4.9,Flight
Ladakh,Ladakh,Ladakh Luxury Stay 53,Luxury,4.4,3709,8831,1165,13705,Monsoon,Summer,High,Adventure,4.9,Train
Ladakh,Ladakh,Ladakh Luxury Stay 54,Luxury,4.8,1986,10299,2278,14563,Autumn,Summer,Medium,Adventure,4.9,Self-drive
Ladakh,Ladakh,Ladakh Mid-Range Stay 55,Mid-Range,4.4,1448,5588,831,7867,Summer,Summer,High,Adventure,4.9,Self-drive
Ladakh,Ladakh,Ladakh Mid-Range Stay 56,Mid-Range,4.5,4039,5479,1055,10573,Monsoon,Summer,Low,Adventure,4.9,Flight
Ladakh,Ladakh,Ladakh Luxury Stay 57,Luxury,4.1,2722,7524,1855,12101,Spring,Summer,Medium,Adventure,4.9,Self-drive
Ladakh,Ladakh,Ladakh Luxury Stay 58,Luxury,3.8,1322,7282,2418,11022,Monsoon,Summer,High,Adventure,4.9,Bus
Ladakh,Ladakh,Ladakh Budget Stay 59,Budget,4.7,2950,2273,1765,6988,Spring,Summer,High,Adventure,4.9,Bus
Ladakh,Ladakh,Ladakh Luxury Stay 60,Luxury,4.0,1835,12156,768,14759,Summer,Summer,Low,Adventure,4.9,Self-drive
Darjeeling,West Bengal,Darjeeling Budget Stay 1,Budget,4.5,3031,1866,1623,6520,Autumn,Summer,Low,Hill Station,4.7,Bus
Darjeeling,West Bengal,Darjeeling Luxury Stay 2,Luxury,4.4,3336,10063,2361,15760,Spring,Summer,Low,Hill Station,4.7,Train
Darjeeling,West Bengal,Darjeeling Luxury Stay 3,Luxury,4.7,4176,9496,1032,14704,Monsoon,Summer,Medium,Hill Station,4.7,Train
Darjeeling,West Bengal,Darjeeling Budget Stay 4,Budget,4.3,4643,1774,1595,8012,Summer,Summer,Medium,Hill Station,4.7,Bus
Darjeeling,West Bengal,Darjeeling Mid-Range Stay 5,Mid-Range,3.9,2694,4199,2131,9024,Winter,Summer,High,Hill Station,4.7,Self-drive
Darjeeling,West Bengal,Darjeeling Mid-Range Stay 6,Mid-Range,4.1,2847,4790,834,8471,Winter,Summer,High,Hill Station,4.7,Train
Darjeeling,West Bengal,Darjeeling Budget Stay 7,Budget,3.6,3027,2480,1083,6590,Spring,Summer,Medium,Hill Station,4.7,Flight
Darjeeling,West Bengal,Darjeeling Mid-Range Stay 8,Mid-Range,4.8,1704,3559,1804,7067,Autumn,Summer,Medium,Hill Station,4.7,Train
Darjeeling,West Bengal,Darjeeling Mid-Range Stay 9,Mid-Range,4.6,958,3769,811,5538,Spring,Summer,High,Hill Station,4.7,Flight
Darjeeling,West Bengal,Darjeeling Budget Stay 10,Budget,5.0,4391,1777,1989,8157,Winter,Summer,High,Hill Station,4.7,Train
Darjeeling,West Bengal,Darjeeling Budget Stay 11,Budget,3.5,3352,1644,2109,7105,Winter,Summer,Low,Hill Station,4.7,Train
Darjeeling,West Bengal,Darjeeling Mid-Range Stay 12,Mid-Range,4.0,4014,3229,646,7889,Spring,Summer,Medium,Hill Station,4.7,Bus
Darjeeling,West Bengal,Darjeeling Budget Stay 13,Budget,4.8,1799,1712,2495,6006,Autumn,Summer,Medium,Hill Station,4.7,Train
Darjeeling,West Bengal,Darjeeling Mid-Range Stay 14,Mid-Range,4.6,1569,4578,1567,7714,Summer,Summer,Medium,Hill Station,4.7,Train
Darjeeling,West Bengal,Darjeeling Mid-Range Stay 15,Mid-Range,4.9,1800,3806,1018,6624,Summer,Summer,Medium,Hill Station,4.7,Flight
Darjeeling,West Bengal,Darjeeling Mid-Range Stay 16,Mid-Range,4.0,2733,3892,1796,8421,Spring,Summer,High,Hill Station,4.7,Train
Darjeeling,West Bengal,Darjeeling Budget Stay 17,Budget,4.7,2791,2397,518,5706,Spring,Summer,Medium,Hill Station,4.7,Train
Darjeeling,West Bengal,Darjeeling Luxury Stay 18,Luxury,4.5,2837,7233,822,10892,Winter,Summer,High,Hill Station,4.7,Self-drive
Darjeeling,West Bengal,Darjeeling Luxury Stay 19,Luxury,4.9,3712,6989,1820,12521,Spring,Summer,Low,Hill Station,4.7,Flight
Darjeeling,West Bengal,Darjeeling Luxury Stay 20,Luxury,3.7,3645,13288,2149,19082,Summer,Summer,High,Hill Station,4.7,Bus
Darjeeling,West Bengal,Darjeeling Budget Stay 21,Budget,4.5,1123,1933,1493,4549,Spring,Summer,High,Hill Station,4.7,Bus
Darjeeling,West Bengal,Darjeeling Mid-Range Stay 22,Mid-Range,3.8,3451,5226,1999,10676,Spring,Summer,High,Hill Station,4.7,Self-drive
Darjeeling,West Bengal,Darjeeling Luxury Stay 23,Luxury,3.6,2957,8922,1609,13488,Spring,Summer,Medium,Hill Station,4.7,Train
Darjeeling,West Bengal,Darjeeling Budget Stay 24,Budget,4.6,2756,1238,1156,5150,Monsoon,Summer,Medium,Hill Station,4.7,Self-drive
Darjeeling,West Bengal,Darjeeling Luxury Stay 25,Luxury,3.8,3119,7762,1160,12041,Winter,Summer,High,Hill Station,4.7,Self-drive
Darjeeling,West Bengal,Darjeeling Mid-Range Stay 26,Mid-Range,3.6,2263,3179,2288,7730,Spring,Summer,High,Hill Station,4.7,Bus
Darjeeling,West Bengal,Darjeeling Budget Stay 27,Budget,3.8,3983,1265,1847,7095,Winter,Summer,Low,Hill Station,4.7,Self-drive
Darjeeling,West Bengal,Darjeeling Luxury Stay 28,Luxury,3.6,907,7080,2405,10392,Spring,Summer,High,Hill Station,4.7,Flight
Darjeeling,West Bengal,Darjeeling Mid-Range Stay 29,Mid-Range,4.2,4207,5373,2183,11763,Summer,Summer,High,Hill Station,4.7,Bus
Darjeeling,West Bengal,Darjeeling Budget Stay 30,Budget,4.3,2568,1344,2467,6379,Monsoon,Summer,High,Hill Station,4.7,Flight
Darjeeling,West Bengal,Darjeeling Budget Stay 31,Budget,4.3,2837,1588,1667,6092,Autumn,Summer,Low,Hill Station,4.7,Train
Darjeeling,West Bengal,Darjeeling Luxury Stay 32,Luxury,4.6,4298,12308,2308,18914,Summer,Summer,High,Hill Station,4.7,Self-drive
Darjeeling,West Bengal,Darjeeling Budget Stay 33,Budget,4.3,4429,1523,2411,8363,Winter,Summer,Low,Hill Station,4.7,Self-drive
Darjeeling,West Bengal,Darjeeling Luxury Stay 34,Luxury,4.8,2771,9149,1653,13573,Monsoon,Summer,Medium,Hill Station,4.7,Flight
Darjeeling,West Bengal,Darjeeling Mid-Range Stay 35,Mid-Range,4.0,801,4832,1987,7620,Autumn,Summer,Low,Hill Station,4.7,Flight
Darjeeling,West Bengal,Darjeeling Luxury Stay 36,Luxury,4.3,2617,8960,939,12516,Winter,Summer,Medium,Hill Station,4.7,Bus
Darjeeling,West Bengal,Darjeeling Luxury Stay 37,Luxury,4.9,2067,11174,693,13934,Monsoon,Summer,Low,Hill Station,4.7,Flight
Darjeeling,West Bengal,Darjeeling Mid-Range Stay 38,Mid-Range,3.7,2708,5384,1024,9116,Winter,Summer,Medium,Hill Station,4.7,Train
Darjeeling,West Bengal,Darjeeling Luxury Stay 39,Luxury,4.4,4752,9159,854,14765,Monsoon,Summer,Low,Hill Station,4.7,Self-drive
Darjeeling,West Bengal,Darjeeling Luxury Stay 40,Luxury,4.4,3925,11220,660,15805,Spring,Summer,High,Hill Station,4.7,Bus
Darjeeling,West Bengal,Darjeeling Mid-Range Stay 41,Mid-Range,4.1,893,3928,1798,6619,Winter,Summer,Medium,Hill Station,4.7,Self-drive
Darjeeling,West Bengal,Darjeeling Mid-Range Stay 42,Mid-Range,4.0,4915,3612,1929,10456,Spring,Summer,Low,Hill Station,4.7,Bus
Darjeeling,West Bengal,Darjeeling Budget Stay 43,Budget,5.0,1537,2901,954,5392,Summer,Summer,Low,Hill Station,4.7,Self-drive
Darjeeling,West Bengal,Darjeeling Mid-Range Stay 44,Mid-Range,3.7,1203,4949,1622,7774,Spring,Summer,Medium,Hill Station,4.7,Train
Darjeeling,West Bengal,Darjeeling Budget Stay 45,Budget,4.3,2422,1467,1499,5388,Spring,Summer,Medium,Hill Station,4.7,Self-drive
Darjeeling,West Bengal,Darjeeling Luxury Stay 46,Luxury,4.3,1386,8485,1045,10916,Spring,Summer,High,Hill Station,4.7,Train
Darjeeling,West Bengal,Darjeeling Luxury Stay 47,Luxury,3.7,3653,9492,890,14035,Spring,Summer,Medium,Hill Station,4.7,Bus
Darjeeling,West Bengal,Darjeeling Luxury Stay 48,Luxury,4.7,4422,11548,1776,17746,Monsoon,Summer,Medium,Hill Station,4.7,Bus
Darjeeling,West Bengal,Darjeeling Budget Stay 49,Budget,3.8,1720,2358,2014,6092,Summer,Summer,Medium,Hill Station,4.7,Train
Darjeeling,West Bengal,Darjeeling Luxury Stay 50,Luxury,4.8,1711,9312,1124,12147,Winter,Summer,Low,Hill Station,4.7,Train
Darjeeling,West Bengal,Darjeeling Budget Stay 51,Budget,3.8,2918,2301,1623,6842,Spring,Summer,Medium,Hill Station,4.7,Flight
Darjeeling,West Bengal,Darjeeling Luxury Stay 52,Luxury,4.5,1156,11275,1023,13454,Spring,Summer,High,Hill Station,4.7,Train
Darjeeling,West Bengal,Darjeeling Mid-Range Stay 53,Mid-Range,4.7,4608,4933,1840,11381,Summer,Summer,Low,Hill Station,4.7,Train
Darjeeling,West Bengal,Darjeeling Mid-Range Stay 54,Mid-Range,4.5,3196,3441,2276,8913,Winter,Summer,Low,Hill Station,4.7,Flight
Darjeeling,West Bengal,Darjeeling Mid-Range Stay 55,Mid-Range,4.9,1521,5445,881,7847,Spring,Summer,Low,Hill Station,4.7,Bus
Darjeeling,West Bengal,Darjeeling Mid-Range Stay 56,Mid-Range,3.6,4813,5097,1305,11215,Summer,Summer,High,Hill Station,4.7,Bus
Darjeeling,West Bengal,Darjeeling Mid-Range Stay 57,Mid-Range,4.0,3059,4760,2162,9981,Summer,Summer,Low,Hill Station,4.7,Flight
Darjeeling,West Bengal,Darjeeling Mid-Range Stay 58,Mid-Range,4.8,2647,5273,810,8730,Winter,Summer,High,Hill Station,4.7,Self-drive
Darjeeling,West Bengal,Darjeeling Luxury Stay 59,Luxury,3.6,2663,11517,1354,15534,Monsoon,Summer,Medium,Hill Station,4.7,Train
Darjeeling,West Bengal,Darjeeling Budget Stay 60,Budget,5.0,1879,2926,923,5728,Summer,Summer,High,Hill Station,4.7,Self-drive
